id_individual,id
SAL,DIP_2007_0001
TEQ,DIP_2007_0006
MAR,DIP_2007_0006
DOO,DIP_2007_0008
LIM,DIP_2007_0011
LEM,DIP_2007_0011
TRI,DIP_2007_0012
POO,DIP_2007_0017
KAN,DIP_2007_0017
WIN,DIP_2007_0017
SUN,DIP_2007_0024
MAR,DIP_2007_0026
DAB,DIP_2007_0028
DOO,DIP_2007_0028
DET,DIP_2007_0038
BAQ,DIP_2007_0038
OPH,DIP_2007_0038
ANN,DIP_2007_0043
POO,DIP_2007_0044
KAN,DIP_2007_0044
WIN,DIP_2007_0044
SAL,DIP_2007_0046
JIM,DIP_2007_0047
DAI,DIP_2007_0048
VIN,DIP_2007_0058
SUN,DIP_2007_0064
JAC,DIP_2007_0073
EMU,DIP_2007_0077
EST,DIP_2007_0080
SPI,DIP_2007_0084
FAJ,DIP_2007_0085
BEC,DIP_2007_0086
ROG,DIP_2007_0086
MOJ,DIP_2007_0086
TRI,DIP_2007_0087
LIM,DIP_2007_0092
LEM,DIP_2007_0092
LIZ,DIP_2007_0092
LIE,DIP_2007_0092
EMU,DIP_2007_0093
EST,DIP_2007_0095
JIM,DIP_2007_0098
JIM,DIP_2007_0101
MOJ,DIP_2007_0103
ROG,DIP_2007_0103
BEC,DIP_2007_0103
WIN,DIP_2007_0105
KAN,DIP_2007_0105
WAL,DIP_2007_0105
POO,DIP_2007_0105
ANN,DIP_2007_0110
WAL,DIP_2007_0111
KAN,DIP_2007_0111
JIM,DIP_2007_0118
SAL,DIP_2007_0119
ROG,DIP_2007_0121
ANJ,DIP_2007_0122
CUB,DIP_2007_0123
PIN,DIP_2007_0124
BEN,DIP_2007_0126
AJA,DIP_2007_0127
ABS,DIP_2007_0128
SPI,DIP_2007_0136
JIM,DIP_2007_0136
MOE,DIP_2007_0137
COR,DIP_2007_0137
MOE,DIP_2007_0139
SPI,DIP_2007_0139
EST,DIP_2007_0141
DOO,DIP_2007_0141
MIT,DIP_2007_0141
ANN,DIP_2007_0144
BUN,DIP_2007_0148
SAL,DIP_2007_0151
KAN,DIP_2007_0157
MAR,DIP_2007_0162
GUI,DIP_2007_0162
GIN,DIP_2007_0163
JIM,DIP_2007_0164
SAL,DIP_2007_0164
JIM,DIP_2007_0166
SAM,DIP_2007_0169
JIM,DIP_2007_0171
ANJ,DIP_2007_0175
POO,DIP_2007_0175
WAL,DIP_2007_0175
KAN,DIP_2007_0175
WIN,DIP_2007_0175
GIN,DIP_2007_0181
MOJ,DIP_2007_0182
SAL,DIP_2007_0183
MOJ,DIP_2007_0186
PAN,DIP_2007_0187
BUN,DIP_2007_0191
HIP,DIP_2007_0191
TRI,DIP_2007_0192
EST,DIP_2007_0193
DOO,DIP_2007_0193
ANN,DIP_2007_0203
SAL,DIP_2007_0203
EST,DIP_2007_0204
ANN,DIP_2007_0204
WIN,DIP_2007_0205
DOO,DIP_2007_0205
WAL,DIP_2007_0205
POO,DIP_2007_0205
SPI,DIP_2007_0209
KAH,DIP_2007_0210
BAI,DIP_2007_0210
RIO,DIP_2007_0211
POO,DIP_2007_0212
WAL,DIP_2007_0212
KAN,DIP_2007_0212
WIN,DIP_2007_0212
SAL,DIP_2007_0213
BIL,DIP_2007_0215
FRA,DIP_2007_0216
TIM,DIP_2007_0217
TAM,DIP_2007_0217
PAN,DIP_2007_0221
COR,DIP_2007_0221
ATI,DIP_2007_0222
JIM,DIP_2007_0223
ANN,DIP_2007_0223
LIM,DIP_2007_0233
HEA,DIP_2007_0233
LEM,DIP_2007_0233
MAV,DIP_2007_0233
CUB,DIP_2007_0233
ARN,DIP_2007_0235
ANN,DIP_2007_0235
ANN,DIP_2007_0236
BAI,DIP_2007_0237
SAL,DIP_2007_0239
ROG,DIP_2007_0242
DAB,DIP_2007_0251
TUK,DIP_2007_0255
SPI,DIP_2007_0256
SAM,DIP_2007_0257
MAR,DIP_2007_0257
JAC,DIP_2007_0260
MAY,DIP_2007_0264
PAN,DIP_2007_0264
RHY,DIP_2007_0265
TEQ,DIP_2007_0276
SLM,DIP_2007_0279
SLM,DIP_2007_0280
KAN,DIP_2007_0281
CAO,DIP_2007_0283
SAS,DIP_2007_0283
KAN,DIP_2007_0284
MOE,DIP_2007_0285
LIZ,DIP_2007_0286
LIE,DIP_2007_0286
LEM,DIP_2007_0287
LIZ,DIP_2007_0287
LIE,DIP_2007_0287
LIM,DIP_2007_0287
JIM,DIP_2007_0289
POO,DIP_2007_0289
WAL,DIP_2007_0289
ANN,DIP_2007_0289
WIN,DIP_2007_0289
DOO,DIP_2007_0289
ANJ,DIP_2007_0289
TAP,DIP_2007_0292
KAN,DIP_2007_0293
ANN,DIP_2007_0293
SAL,DIP_2007_0293
DAB,DIP_2007_0294
DOO,DIP_2007_0294
EST,DIP_2007_0294
SLM,DIP_2007_0295
KAN,DIP_2007_0296
ANN,DIP_2007_0297
SAL,DIP_2007_0297
DOO,DIP_2007_0298
DOO,DIP_2007_0300
MIT,DIP_2007_0300
SLM,DIP_2007_0301
MIT,DIP_2007_0305
CAO,DIP_2007_0310
ROG,DIP_2007_0311
DAB,DIP_2007_0311
DOO,DIP_2007_0311
EST,DIP_2007_0311
SPI,DIP_2007_0313
EST,DIP_2007_0314
RIO,DIP_2007_0315
SCT,DIP_2007_0316
ROG,DIP_2007_0316
BEC,DIP_2007_0316
BUN,DIP_2007_0318
MAV,DIP_2007_0320
BEN,DIP_2007_0320
SPI,DIP_2007_0321
ARN,DIP_2007_0322
DAM,DIP_2007_0326
RIO,DIP_2007_0332
PAT,DIP_2008_0004
PAT,DIP_2008_0005
COR,DIP_2008_0005
PAT,DIP_2008_0017
DAB,DIP_2008_0020
ROG,DIP_2008_0021
SUN,DIP_2008_0021
BEC,DIP_2008_0021
COR,DIP_2008_0022
CAO,DIP_2008_0025
ARN,DIP_2008_0025
ANN,DIP_2008_0025
SAL,DIP_2008_0025
POO,DIP_2008_0036
WAL,DIP_2008_0036
WIN,DIP_2008_0036
TAP,DIP_2008_0037
SHO,DIP_2008_0037
PIN,DIP_2008_0037
CUB,DIP_2008_0037
AME,DIP_2008_0040
SUN,DIP_2008_0043
POO,DIP_2008_0044
WAL,DIP_2008_0044
KAN,DIP_2008_0044
DAB,DIP_2008_0044
WIN,DIP_2008_0044
SHO,DIP_2008_0045
ABS,DIP_2008_0047
AJA,DIP_2008_0050
AME,DIP_2008_0052
CUB,DIP_2008_0066
DEP,DIP_2008_0067
JON,DIP_2008_0067
ABS,DIP_2008_0067
BUN,DIP_2008_0068
JIM,DIP_2008_0071
JUL,DIP_2008_0072
KAN,DIP_2008_0073
CAO,DIP_2008_0073
POO,DIP_2008_0084
DAB,DIP_2008_0084
WIN,DIP_2008_0084
KAN,DIP_2008_0085
JIM,DIP_2008_0089
ANN,DIP_2008_0091
POO,DIP_2008_0092
WAL,DIP_2008_0092
WIN,DIP_2008_0092
LEM,DIP_2008_0093
LIM,DIP_2008_0093
MAV,DIP_2008_0093
LIM,DIP_2008_0094
LEM,DIP_2008_0094
CUB,DIP_2008_0094
MAV,DIP_2008_0094
SAL,DIP_2008_0096
PAT,DIP_2008_0097
SPI,DIP_2008_0100
BUN,DIP_2008_0103
FAJ,DIP_2008_0105
SAM,DIP_2008_0106
MAR,DIP_2008_0106
GUI,DIP_2008_0106
DET,DIP_2008_0111
ESK,DIP_2008_0115
SAS,DIP_2008_0119
CAO,DIP_2008_0131
SAM,DIP_2008_0132
FAJ,DIP_2008_0132
TEQ,DIP_2008_0132
SIL,DIP_2008_0133
BIL,DIP_2008_0133
SAL,DIP_2008_0135
SAM,DIP_2008_0136
PAT,DIP_2008_0137
PAN,DIP_2008_0143
MOJ,DIP_2008_0144
FAJ,DIP_2008_0146
FAJ,DIP_2008_0147
FAJ,DIP_2008_0148
SAM,DIP_2008_0149
TUK,DIP_2008_0158
MAY,DIP_2008_0159
MAR,DIP_2008_0160
SHO,DIP_2008_0162
SAL,DIP_2008_0163
MAL,DIP_2008_0164
MAA,DIP_2008_0165
ABS,DIP_2008_0165
DEP,DIP_2008_0165
GUI,DIP_2008_0167
DAB,DIP_2008_0176
LEM,DIP_2008_0177
LIM,DIP_2008_0177
MAV,DIP_2008_0177
MIT,DIP_2008_0183
MAR,DIP_2008_0184
TUK,DIP_2008_0185
COR,DIP_2008_0185
BIL,DIP_2008_0187
SAM,DIP_2008_0187
BIL,DIP_2008_0189
DAB,DIP_2008_0200
WIN,DIP_2008_0201
POO,DIP_2008_0201
SLM,DIP_2008_0202
TEQ,DIP_2008_0203
MIT,DIP_2008_0204
TRI,DIP_2008_0209
SHR,DIP_2008_0211
SHO,DIP_2008_0213
BUN,DIP_2008_0214
TAP,DIP_2008_0217
EMU,DIP_2008_0218
MOE,DIP_2008_0218
RIO,DIP_2008_0221
SAL,DIP_2008_0223
SIL,DIP_2008_0224
RAD,DIP_2009_0004
EST,DIP_2009_0004
JIM,DIP_2009_0006
EST,DIP_2009_0007
ATI,DIP_2009_0008
TRI,DIP_2009_0009
TRI,DIP_2009_0010
COC,DIP_2009_0010
FRA,DIP_2009_0014
FRA,DIP_2009_0015
SAL,DIP_2009_0016
LIM,DIP_2009_0018
LEM,DIP_2009_0018
RIO,DIP_2009_0019
DAI,DIP_2009_0021
LEM,DIP_2009_0021
LIM,DIP_2009_0021
MAV,DIP_2009_0021
MAR,DIP_2009_0028
HIP,DIP_2009_0031
BIL,DIP_2009_0033
MAY,DIP_2009_0036
FRA,DIP_2009_0038
FAJ,DIP_2009_0039
WIN,DIP_2009_0048
KAN,DIP_2009_0048
LIM,DIP_2009_0049
LEM,DIP_2009_0049
SCT,DIP_2009_0050
ATI,DIP_2009_0050
IVA,DIP_2009_0050
AJA,DIP_2009_0050
DAI,DIP_2009_0050
TUK,DIP_2009_0055
RHY,DIP_2009_0055
BIL,DIP_2009_0055
MAR,DIP_2009_0056
BIL,DIP_2009_0056
SPI,DIP_2009_0056
TUK,DIP_2009_0056
RHY,DIP_2009_0056
MAY,DIP_2009_0059
RHY,DIP_2009_0062
MAR,DIP_2009_0062
RAD,DIP_2009_0065
DAB,DIP_2009_0066
EST,DIP_2009_0066
PAN,DIP_2009_0074
SMO,DIP_2009_0080
JUF,DIP_2009_0080
DAM,DIP_2009_0080
DRO,DIP_2009_0084
LEM,DIP_2009_0088
MAV,DIP_2009_0088
LIM,DIP_2009_0088
AJA,DIP_2009_0089
ATI,DIP_2009_0089
IVA,DIP_2009_0089
SPI,DIP_2009_0089
DET,DIP_2009_0090
DET,DIP_2009_0092
BAQ,DIP_2009_0095
ESK,DIP_2009_0097
BRA,DIP_2009_0098
CAO,DIP_2009_0098
SLM,DIP_2009_0099
JUL,DIP_2009_0099
GRE,DIP_2009_0099
DET,DIP_2009_0102
GRE,DIP_2009_0106
JUL,DIP_2009_0106
ESK,DIP_2009_0107
OPH,DIP_2009_0108
SAS,DIP_2009_0110
DGG,DIP_2009_0110
DAI,DIP_2009_0112
FRA,DIP_2009_0113
JUF,DIP_2009_0116
SMO,DIP_2009_0116
DUN,DIP_2009_0116
JUF,DIP_2009_0117
DAM,DIP_2009_0117
SMO,DIP_2009_0117
DRO,DIP_2009_0117
SLM,DIP_2009_0118
KAH,DIP_2009_0124
MAL,DIP_2009_0125
SAL,DIP_2009_0126
POO,DIP_2009_0126
WIN,DIP_2009_0126
BRA,DIP_2009_0128
CAO,DIP_2009_0128
PAT,DIP_2009_0130
BIL,DIP_2009_0131
ROG,DIP_2009_0137
BEC,DIP_2009_0137
DAI,DIP_2009_0138
SHO,DIP_2009_0142
LIM,DIP_2009_0143
SAL,DIP_2009_0143
COR,DIP_2009_0143
MAV,DIP_2009_0143
LEM,DIP_2009_0143
TUK,DIP_2009_0145
SPI,DIP_2009_0145
DAI,DIP_2009_0145
RAD,DIP_2009_0149
DOO,DIP_2009_0149
EST,DIP_2009_0149
MOE,DIP_2009_0153
TRI,DIP_2009_0154
ROG,DIP_2009_0156
BEC,DIP_2009_0156
HIP,DIP_2009_0157
EMU,DIP_2009_0157
ANN,DIP_2009_0159
SHO,DIP_2009_0166
CUB,DIP_2009_0169
MAV,DIP_2009_0170
LIM,DIP_2009_0170
LEM,DIP_2009_0170
TEQ,DIP_2009_0174
MAR,DIP_2009_0175
GUI,DIP_2009_0175
SAM,DIP_2009_0175
EST,DIP_2009_0177
MAY,DIP_2009_0182
TEQ,DIP_2009_0183
MAR,DIP_2009_0183
EST,DIP_2009_0186
TAP,DIP_2009_0187
ABS,DIP_2009_0188
DEP,DIP_2009_0190
COC,DIP_2009_0191
SHO,DIP_2009_0194
MAL,DIP_2009_0194
BEN,DIP_2009_0195
PUN,DIP_2009_0195
BRA,DIP_2009_0197
CAO,DIP_2009_0197
BUN,DIP_2009_0199
CUB,DIP_2009_0200
SHO,DIP_2009_0201
ANN,DIP_2009_0202
AJA,DIP_2009_0209
RIO,DIP_2009_0215
MAV,DIP_2009_0216
LIM,DIP_2009_0216
LEM,DIP_2009_0216
MOE,DIP_2009_0217
COR,DIP_2009_0219
JON,DIP_2009_0222
MAR,DIP_2009_0223
JIM,DIP_2009_0226
MAY,DIP_2009_0235
MAR,DIP_2009_0236
JON,DIP_2009_0243
AJA,DIP_2009_0249
BAI,DIP_2009_0251
KAN,DIP_2009_0263
POO,DIP_2009_0263
WIN,DIP_2009_0263
SLM,DIP_2009_0264
DEP,DIP_2009_0267
ABS,DIP_2009_0268
TAP,DIP_2009_0269
TAM,DIP_2009_0270
TIM,DIP_2009_0270
BUN,DIP_2009_0271
POO,DIP_2009_0276
WIN,DIP_2009_0276
LIE,DIP_2009_0278
RIO,DIP_2009_0279
JON,DIP_2009_0280
PAN,DIP_2009_0286
FRA,DIP_2009_0288
TAP,DIP_2009_0293
MAL,DIP_2009_0294
MAL,DIP_2009_0295
KAN,DIP_2009_0296
WIN,DIP_2009_0296
TIM,DIP_2009_0296
POO,DIP_2009_0296
RHY,DIP_2009_0302
DAB,DIP_2009_0303
TUK,DIP_2009_0304
COR,DIP_2009_0304
COR,DIP_2009_0305
HIP,DIP_2009_0307
TEQ,DIP_2009_0309
TIM,DIP_2009_0314
SHR,DIP_2009_0316
HIP,DIP_2009_0317
MAR,DIP_2009_0326
PAN,DIP_2009_0328
HIP,DIP_2009_0332
FAJ,DIP_2009_0332
SAM,DIP_2009_0337
MAR,DIP_2009_0341
RIO,DIP_2009_0345
DAB,DIP_2009_0346
TAM,DIP_2009_0347
TIM,DIP_2009_0347
JIM,DIP_2009_0352
MAA,DIP_2009_0356
ABS,DIP_2009_0357
MAA,DIP_2009_0357
PAN,DIP_2009_0362
EST,DIP_2009_0364
GIN,DIP_2009_0367
RHY,DIP_2009_0369
DAB,DIP_2009_0371
SAL,DIP_2009_0371
KAN,DIP_2009_0372
PAN,DIP_2009_0380
MIT,DIP_2009_0380
BUC,DIP_2009_0382
HIP,DIP_2009_0383
ROG,DIP_2009_0388
SPI,DIP_2009_0388
MOJ,DIP_2009_0388
TUK,DIP_2009_0389
ESK,DIP_2009_0392
PAN,DIP_2009_0399
KAN,DIP_2009_0401
WAL,DIP_2009_0401
TUK,DIP_2009_0403
GUI,DIP_2009_0408
TUK,DIP_2009_0416
FRA,DIP_2009_0418
COC,DIP_2009_0422
PUN,DIP_2009_0422
LIZ,DIP_2009_0423
LIE,DIP_2009_0423
LIM,DIP_2009_0424
MAV,DIP_2009_0424
LEM,DIP_2009_0424
LIE,DIP_2009_0425
LIZ,DIP_2009_0425
IVA,DIP_2009_0425
ARN,DIP_2009_0425
ATI,DIP_2009_0425
SAS,DIP_2009_0427
SIL,DIP_2009_0429
TEQ,DIP_2009_0430
SAM,DIP_2009_0432
TUK,DIP_2009_0433
PAT,DIP_2009_0434
WAL,DIP_2009_0436
WIN,DIP_2009_0436
TIM,DIP_2009_0436
POO,DIP_2009_0436
TAM,DIP_2009_0436
KAN,DIP_2009_0436
SAL,DIP_2009_0439
MOJ,DIP_2009_0439
HIP,DIP_2009_0440
CUB,DIP_2009_0444
PIN,DIP_2009_0445
BUN,DIP_2009_0450
ATI,DIP_2009_0451
TRI,DIP_2009_0469
PAN,DIP_2009_0472
HIP,DIP_2009_0472
PIN,DIP_2009_0473
FRA,DIP_2010_0001
CAO,DIP_2010_0007
EST,DIP_2010_0008
DAB,DIP_2010_0009
DAB,DIP_2010_0010
SAL,DIP_2010_0010
EST,DIP_2010_0010
DAI,DIP_2010_0012
RIO,DIP_2010_0013
BAQ,DIP_2010_0027
DET,DIP_2010_0027
OPH,DIP_2010_0027
ATI,DIP_2010_0029
SCT,DIP_2010_0030
RAD,DIP_2010_0035
PTA,DIP_2010_0039
WIN,DIP_2010_0040
TRI,DIP_2010_0041
MOJ,DIP_2010_0043
ROG,DIP_2010_0046
BEC,DIP_2010_0046
BIL,DIP_2010_0049
SIL,DIP_2010_0050
BCD,DIP_2010_0052
TAP,DIP_2010_0055
KAH,DIP_2010_0055
LIZ,DIP_2010_0055
CUB,DIP_2010_0055
LIE,DIP_2010_0055
MAV,DIP_2010_0057
LIZ,DIP_2010_0057
BCD,DIP_2010_0057
LIE,DIP_2010_0057
MAL,DIP_2010_0057
LIM,DIP_2010_0057
LEM,DIP_2010_0057
TAP,DIP_2010_0057
JIM,DIP_2010_0059
WAL,DIP_2010_0064
SAL,DIP_2010_0064
TUK,DIP_2010_0065
TUK,DIP_2010_0066
SLM,DIP_2010_0067
DAB,DIP_2010_0069
WHI,DIP_2010_0070
HIP,DIP_2010_0073
SCT,DIP_2010_0074
COR,DIP_2010_0076
MOJ,DIP_2010_0076
DOO,DIP_2010_0079
EST,DIP_2010_0079
RAD,DIP_2010_0079
OPH,DIP_2010_0091
WHI,DIP_2010_0092
BRA,DIP_2010_0093
CAO,DIP_2010_0093
CUB,DIP_2010_0094
HEA,DIP_2010_0095
BEN,DIP_2010_0095
PUN,DIP_2010_0095
BIL,DIP_2010_0097
SMO,DIP_2010_0101
ROG,DIP_2010_0103
BEC,DIP_2010_0103
RAD,DIP_2010_0112
WIN,DIP_2010_0112
EST,DIP_2010_0112
DOO,DIP_2010_0112
ESK,DIP_2010_0118
DET,DIP_2010_0119
SHR,DIP_2010_0119
ARN,DIP_2010_0119
SAS,DIP_2010_0121
OPH,DIP_2010_0126
BEC,DIP_2010_0127
ROG,DIP_2010_0127
DGG,DIP_2010_0128
SLM,DIP_2010_0128
CAO,DIP_2010_0128
PTA,DIP_2010_0129
TAM,DIP_2010_0129
OPH,DIP_2010_0130
JON,DIP_2010_0133
RAD,DIP_2010_0136
DOO,DIP_2010_0136
DAM,DIP_2010_0137
JUF,DIP_2010_0137
BRA,DIP_2010_0138
CAO,DIP_2010_0138
WHI,DIP_2010_0141
TEQ,DIP_2010_0143
RHY,DIP_2010_0143
PAT,DIP_2010_0144
SAL,DIP_2010_0146
FRA,DIP_2010_0147
BUN,DIP_2010_0148
WHI,DIP_2010_0150
DGG,DIP_2010_0156
DAB,DIP_2010_0158
ANN,DIP_2010_0159
SHO,DIP_2010_0161
DAI,DIP_2010_0161
MAL,DIP_2010_0161
SLM,DIP_2010_0163
WIN,DIP_2010_0164
POO,DIP_2010_0164
BIL,DIP_2010_0166
MAR,DIP_2010_0167
VIN,DIP_2010_0168
WHI,DIP_2010_0169
DRO,DIP_2010_0181
DGG,DIP_2010_0182
SUN,DIP_2010_0183
WAL,DIP_2010_0184
DAB,DIP_2010_0184
DOO,DIP_2010_0184
EST,DIP_2010_0184
PAT,DIP_2010_0184
COR,DIP_2010_0185
MOJ,DIP_2010_0186
SAM,DIP_2010_0189
SUN,DIP_2010_0192
PAT,DIP_2010_0193
PAN,DIP_2010_0193
ROG,DIP_2010_0194
BEC,DIP_2010_0194
MAL,DIP_2010_0195
BEC,DIP_2010_0196
ROG,DIP_2010_0196
SAL,DIP_2010_0201
BEC,DIP_2010_0202
ROG,DIP_2010_0202
JIM,DIP_2010_0204
ANN,DIP_2010_0204
SAL,DIP_2010_0205
DAB,DIP_2010_0205
WAL,DIP_2010_0205
SPI,DIP_2010_0208
BIL,DIP_2010_0210
ESK,DIP_2010_0215
DGG,DIP_2010_0220
TIM,DIP_2010_0221
RAD,DIP_2010_0223
PTA,DIP_2010_0223
SAS,DIP_2010_0223
TAM,DIP_2010_0223
TIM,DIP_2010_0223
PTA,DIP_2010_0224
TIM,DIP_2010_0228
BRA,DIP_2010_0230
CAO,DIP_2010_0230
ANN,DIP_2010_0230
SAS,DIP_2010_0235
TAM,DIP_2010_0237
TRI,DIP_2010_0239
HIP,DIP_2010_0240
MOJ,DIP_2010_0241
PAT,DIP_2010_0244
GUI,DIP_2010_0245
GUI,DIP_2010_0246
MAY,DIP_2010_0246
PAN,DIP_2010_0248
PAT,DIP_2010_0248
SIL,DIP_2010_0251
BUN,DIP_2010_0252
HEA,DIP_2010_0252
BAI,DIP_2010_0255
LIM,DIP_2010_0256
LEM,DIP_2010_0256
PIN,DIP_2010_0257
PIN,DIP_2010_0258
COC,DIP_2010_0259
ABS,DIP_2010_0260
SAM,DIP_2010_0262
HEA,DIP_2010_0262
HIP,DIP_2010_0262
PAN,DIP_2010_0262
SUN,DIP_2010_0266
PAN,DIP_2010_0267
TUK,DIP_2010_0267
PAT,DIP_2010_0267
MOJ,DIP_2010_0269
HIP,DIP_2010_0274
ANN,DIP_2010_0275
ANN,DIP_2010_0276
SAL,DIP_2010_0277
KAN,DIP_2010_0277
FRA,DIP_2010_0280
ANN,DIP_2010_0281
PAN,DIP_2010_0286
JIM,DIP_2010_0290
FRA,DIP_2010_0291
SUN,DIP_2010_0295
RAD,DIP_2010_0299
DOO,DIP_2010_0299
TAM,DIP_2010_0299
ESK,DIP_2010_0300
DET,DIP_2010_0304
BAQ,DIP_2010_0306
BAQ,DIP_2010_0307
WIN,DIP_2010_0308
POO,DIP_2010_0308
DRO,DIP_2010_0309
SAS,DIP_2010_0309
ESK,DIP_2010_0310
DET,DIP_2010_0312
BRA,DIP_2010_0315
CAO,DIP_2010_0315
ANN,DIP_2010_0322
KAN,DIP_2010_0322
MIT,DIP_2010_0324
EST,DIP_2010_0324
TAM,DIP_2010_0324
TIM,DIP_2010_0324
SLM,DIP_2010_0327
EST,DIP_2010_0330
WAL,DIP_2010_0331
SHO,DIP_2010_0333
GUI,DIP_2010_0334
GUI,DIP_2010_0335
LIE,DIP_2010_0335
BUN,DIP_2010_0336
SIL,DIP_2010_0341
HIP,DIP_2010_0341
SIL,DIP_2010_0342
SAM,DIP_2010_0343
MOJ,DIP_2010_0344
SAM,DIP_2010_0347
DRO,DIP_2010_0349
SAS,DIP_2010_0349
WIN,DIP_2010_0350
WAL,DIP_2010_0350
TIM,DIP_2010_0350
POO,DIP_2010_0350
DAB,DIP_2010_0351
SAL,DIP_2010_0351
SIL,DIP_2010_0353
SAM,DIP_2010_0354
MAY,DIP_2010_0356
SIL,DIP_2010_0357
ANJ,DIP_2010_0360
SAL,DIP_2010_0360
COR,DIP_2010_0366
ANN,DIP_2010_0367
TIM,DIP_2010_0382
TAM,DIP_2010_0382
TIM,DIP_2010_0383
TAM,DIP_2010_0383
DET,DIP_2010_0384
TUK,DIP_2010_0387
DAB,DIP_2010_0388
EST,DIP_2010_0388
MIT,DIP_2010_0388
MOJ,DIP_2010_0402
DOO,DIP_2010_0409
RAD,DIP_2010_0409
ESK,DIP_2010_0414
EMU,DIP_2010_0414
BIL,DIP_2010_0415
GUI,DIP_2010_0416
SIL,DIP_2010_0416
TAP,DIP_2010_0417
ANJ,DIP_2010_0418
RIO,DIP_2010_0423
SAL,DIP_2011_0002
PAT,DIP_2011_0003
RAD,DIP_2011_0004
DAB,DIP_2011_0004
MIT,DIP_2011_0004
DOO,DIP_2011_0004
EST,DIP_2011_0004
DAB,DIP_2011_0007
GRE,DIP_2011_0008
KAN,DIP_2011_0008
TIM,DIP_2011_0008
SAS,DIP_2011_0009
ANJ,DIP_2011_0011
MAV,DIP_2011_0013
GMP,DIP_2011_0013
HMT,DIP_2011_0013
SAS,DIP_2011_0019
TAM,DIP_2011_0019
GMP,DIP_2011_0019
TAM,DIP_2011_0020
HMT,DIP_2011_0021
PUN,DIP_2011_0022
HMT,DIP_2011_0023
TUK,DIP_2011_0024
MAY,DIP_2011_0025
MAR,DIP_2011_0026
PUN,DIP_2011_0028
BUC,DIP_2011_0029
SUN,DIP_2011_0030
SPI,DIP_2011_0031
ANN,DIP_2011_0032
POO,DIP_2011_0032
DAB,DIP_2011_0033
POO,DIP_2011_0033
WIN,DIP_2011_0034
WAL,DIP_2011_0034
KAN,DIP_2011_0034
TIM,DIP_2011_0035
TAM,DIP_2011_0038
DGG,DIP_2011_0039
SUN,DIP_2011_0040
MAV,DIP_2011_0041
MOJ,DIP_2011_0042
GMP,DIP_2011_0047
KAN,DIP_2011_0047
POO,DIP_2011_0047
WIN,DIP_2011_0047
COR,DIP_2011_0052
LIM,DIP_2011_0053
MAL,DIP_2011_0053
MAV,DIP_2011_0053
LEM,DIP_2011_0053
BRA,DIP_2011_0055
CAO,DIP_2011_0055
SHR,DIP_2011_0060
JUL,DIP_2011_0061
TAM,DIP_2011_0062
TIM,DIP_2011_0062
BAQ,DIP_2011_0066
OPH,DIP_2011_0067
SHR,DIP_2011_0067
DET,DIP_2011_0067
MAL,DIP_2011_0070
MAV,DIP_2011_0070
BRA,DIP_2011_0072
CAO,DIP_2011_0072
SAS,DIP_2011_0072
FAJ,DIP_2011_0074
FAJ,DIP_2011_0075
ATI,DIP_2011_0076
TRI,DIP_2011_0077
BIL,DIP_2011_0078
AJA,DIP_2011_0079
ATI,DIP_2011_0080
MOE,DIP_2011_0081
BUN,DIP_2011_0081
DEP,DIP_2011_0081
ABS,DIP_2011_0081
JON,DIP_2011_0081
TRI,DIP_2011_0081
MAA,DIP_2011_0082
JON,DIP_2011_0084
ABS,DIP_2011_0084
BUN,DIP_2011_0084
DEP,DIP_2011_0084
AJA,DIP_2011_0085
TAM,DIP_2011_0086
SAM,DIP_2011_0087
SIL,DIP_2011_0088
SUN,DIP_2011_0090
LIE,DIP_2011_0091
PAN,DIP_2011_0091
SUN,DIP_2011_0103
PAN,DIP_2011_0104
COR,DIP_2011_0105
FRA,DIP_2011_0106
BEN,DIP_2011_0109
PUN,DIP_2011_0109
TEQ,DIP_2011_0110
ATI,DIP_2011_0111
BAI,DIP_2011_0112
DAI,DIP_2011_0113
TIM,DIP_2011_0114
BAQ,DIP_2011_0114
DET,DIP_2011_0114
SAS,DIP_2011_0115
SMO,DIP_2011_0115
SLM,DIP_2011_0118
SUN,DIP_2011_0119
JIM,DIP_2011_0120
SAL,DIP_2011_0121
HEA,DIP_2011_0123
MAV,DIP_2011_0123
COR,DIP_2011_0124
HEA,DIP_2011_0125
MAV,DIP_2011_0125
MOJ,DIP_2011_0126
ROG,DIP_2011_0127
BEC,DIP_2011_0127
PAN,DIP_2011_0128
SUN,DIP_2011_0129
PAT,DIP_2011_0130
MAV,DIP_2011_0131
PUN,DIP_2011_0131
PIN,DIP_2011_0133
CUB,DIP_2011_0134
LIZ,DIP_2011_0134
TAM,DIP_2011_0136
MSH,DIP_2011_0136
BRA,DIP_2011_0137
TAM,DIP_2011_0137
CAO,DIP_2011_0137
DGG,DIP_2011_0137
DAB,DIP_2011_0142
LIM,DIP_2011_0143
LEM,DIP_2011_0143
MAV,DIP_2011_0143
TAP,DIP_2011_0144
MAL,DIP_2011_0144
JUL,DIP_2011_0145
GRE,DIP_2011_0145
LIE,DIP_2011_0147
SPI,DIP_2011_0148
RAD,DIP_2011_0149
TAM,DIP_2011_0149
DOO,DIP_2011_0149
EST,DIP_2011_0149
PAN,DIP_2011_0151
COR,DIP_2011_0152
ESK,DIP_2011_0161
SHR,DIP_2011_0171
PTA,DIP_2011_0172
TIM,DIP_2011_0174
TAM,DIP_2011_0174
SAS,DIP_2011_0174
BAQ,DIP_2011_0178
BRA,DIP_2011_0181
CAO,DIP_2011_0181
MSH,DIP_2011_0181
GMP,DIP_2011_0183
JIM,DIP_2011_0184
MAL,DIP_2011_0188
DGG,DIP_2011_0189
SAL,DIP_2011_0191
KAN,DIP_2011_0191
ANN,DIP_2011_0191
ROG,DIP_2011_0191
POO,DIP_2011_0192
SAL,DIP_2011_0196
RAD,DIP_2011_0196
ANN,DIP_2011_0196
DAB,DIP_2011_0196
DOO,DIP_2011_0196
EST,DIP_2011_0196
MAL,DIP_2011_0197
SAL,DIP_2011_0198
SLM,DIP_2011_0199
TIM,DIP_2011_0200
TAM,DIP_2011_0200
PTA,DIP_2011_0202
SHR,DIP_2011_0203
PTA,DIP_2011_0205
SHR,DIP_2011_0205
SAM,DIP_2011_0207
ATI,DIP_2011_0207
COC,DIP_2011_0209
HIP,DIP_2011_0212
BIL,DIP_2011_0213
TUK,DIP_2011_0215
ANN,DIP_2011_0216
SAS,DIP_2011_0217
RAD,DIP_2011_0218
DAB,DIP_2011_0218
MIT,DIP_2011_0218
DOO,DIP_2011_0218
EST,DIP_2011_0218
POO,DIP_2011_0220
COR,DIP_2011_0222
DAB,DIP_2011_0223
MIT,DIP_2011_0223
DOO,DIP_2011_0223
EST,DIP_2011_0223
TAM,DIP_2011_0223
TIM,DIP_2011_0223
RAD,DIP_2011_0223
ATI,DIP_2011_0224
LIM,DIP_2011_0225
LEM,DIP_2011_0225
FRA,DIP_2011_0225
FAJ,DIP_2011_0230
FRA,DIP_2011_0231
POO,DIP_2011_0233
KAN,DIP_2011_0234
ANN,DIP_2011_0235
MAV,DIP_2011_0238
TEQ,DIP_2011_0239
SAM,DIP_2011_0239
AME,DIP_2011_0241
MOJ,DIP_2011_0248
BUC,DIP_2011_0258
ANN,DIP_2011_0260
SAL,DIP_2011_0262
POO,DIP_2011_0266
FAJ,DIP_2011_0271
HIP,DIP_2011_0272
PAN,DIP_2011_0273
TAM,DIP_2011_0275
TIM,DIP_2011_0275
RAD,DIP_2011_0275
DOO,DIP_2011_0275
SUN,DIP_2011_0276
COR,DIP_2011_0278
WHI,DIP_2011_0279
TIM,DIP_2011_0283
ANN,DIP_2011_0285
TUK,DIP_2011_0297
MAR,DIP_2011_0298
GIN,DIP_2011_0303
DAB,DIP_2011_0305
TIM,DIP_2011_0312
TAM,DIP_2011_0312
ESK,DIP_2011_0315
TIM,DIP_2011_0316
TAM,DIP_2011_0316
MIT,DIP_2011_0317
DOO,DIP_2011_0317
EST,DIP_2011_0317
ANJ,DIP_2011_0317
MIT,DIP_2011_0318
RAD,DIP_2011_0318
SAS,DIP_2011_0321
OPH,DIP_2011_0323
SHR,DIP_2011_0327
BEC,DIP_2011_0338
JIM,DIP_2011_0338
ROG,DIP_2011_0338
BEC,DIP_2011_0339
SIL,DIP_2011_0339
ROG,DIP_2011_0339
JIM,DIP_2011_0339
BRA,DIP_2011_0346
CAO,DIP_2011_0346
DAB,DIP_2011_0347
WAL,DIP_2011_0350
KAN,DIP_2011_0350
DOO,DIP_2011_0351
BEC,DIP_2011_0353
ROG,DIP_2011_0353
JIM,DIP_2011_0353
SAM,DIP_2011_0355
BEC,DIP_2011_0359
JIM,DIP_2011_0359
ROG,DIP_2011_0359
SIL,DIP_2011_0360
TIM,DIP_2011_0361
TAM,DIP_2011_0361
DOO,DIP_2011_0362
RAD,DIP_2011_0362
DAB,DIP_2011_0363
TAP,DIP_2011_0364
GUI,DIP_2011_0365
MOE,DIP_2011_0366
COC,DIP_2011_0367
MAR,DIP_2011_0374
BIL,DIP_2011_0375
WAL,DIP_2011_0376
TAM,DIP_2011_0376
TIM,DIP_2011_0376
BEC,DIP_2011_0378
SIL,DIP_2011_0378
JIM,DIP_2011_0378
ROG,DIP_2011_0378
MAY,DIP_2011_0379
WHI,DIP_2011_0385
EMU,DIP_2011_0385
HIP,DIP_2011_0385
WIN,DIP_2011_0388
BEC,DIP_2011_0389
SIL,DIP_2011_0389
ROG,DIP_2011_0389
JIM,DIP_2011_0389
MAY,DIP_2011_0399
GIN,DIP_2011_0402
GIN,DIP_2011_0403
RAD,DIP_2011_0404
EST,DIP_2011_0404
DOO,DIP_2011_0404
TAM,DIP_2011_0405
TIM,DIP_2011_0405
BEC,DIP_2011_0406
SIL,DIP_2011_0407
ROG,DIP_2011_0407
ROG,DIP_2011_0408
TIM,DIP_2011_0409
RAD,DIP_2011_0410
EST,DIP_2011_0410
TAM,DIP_2011_0410
DOO,DIP_2011_0410
TIM,DIP_2011_0410
PAT,DIP_2011_0423
BUC,DIP_2011_0425
SUN,DIP_2011_0430
SAL,DIP_2011_0431
TAM,DIP_2011_0432
TIM,DIP_2011_0432
SAL,DIP_2011_0432
HMT,DIP_2011_0436
SAS,DIP_2011_0436
ROG,DIP_2011_0438
SIL,DIP_2011_0438
BEC,DIP_2011_0438
SHR,DIP_2011_0439
RAD,DIP_2011_0439
BEC,DIP_2011_0440
SIL,DIP_2011_0440
ROG,DIP_2011_0440
BRA,DIP_2011_0441
CAO,DIP_2011_0441
JIM,DIP_2011_0441
MIT,DIP_2011_0442
HMT,DIP_2011_0442
DOO,DIP_2011_0442
EST,DIP_2011_0442
ANN,DIP_2011_0443
SUN,DIP_2011_0444
PAN,DIP_2011_0445
DAB,DIP_2011_0446
DAB,DIP_2011_0449
RAD,DIP_2011_0449
EST,DIP_2011_0450
EST,DIP_2011_0452
EMU,DIP_2011_0453
PTA,DIP_2011_0453
EST,DIP_2011_0454
DOO,DIP_2011_0454
DET,DIP_2011_0455
SHR,DIP_2011_0456
TAM,DIP_2011_0465
SAS,DIP_2011_0465
TIM,DIP_2011_0465
ATI,DIP_2011_0472
SPI,DIP_2011_0474
RAD,DIP_2011_0475
SAS,DIP_2011_0476
SAS,DIP_2011_0477
ARN,DIP_2011_0477
DEV,DIP_2011_0477
DGG,DIP_2011_0478
CAO,DIP_2011_0479
SAL,DIP_2011_0479
BRA,DIP_2011_0479
PAN,DIP_2011_0482
BIL,DIP_2011_0483
JIM,DIP_2011_0483
BIL,DIP_2011_0485
BEC,DIP_2011_0486
SIL,DIP_2011_0486
ROG,DIP_2011_0486
HMT,DIP_2011_0487
ANJ,DIP_2011_0488
KAH,DIP_2011_0489
BCD,DIP_2011_0489
HMT,DIP_2011_0490
COR,DIP_2011_0492
DAB,DIP_2011_0492
BEC,DIP_2011_0494
SIL,DIP_2011_0494
ROG,DIP_2011_0494
MIT,DIP_2011_0495
EST,DIP_2011_0495
DOO,DIP_2011_0495
MAL,DIP_2011_0495
JIM,DIP_2011_0496
JIM,DIP_2011_0497
MAV,DIP_2011_0497
ANJ,DIP_2011_0499
SAL,DIP_2011_0500
BEC,DIP_2011_0508
SIL,DIP_2011_0508
ROG,DIP_2011_0508
PAN,DIP_2011_0509
GIN,DIP_2011_0510
COR,DIP_2011_0513
DGG,DIP_2011_0515
DOO,DIP_2011_0516
EST,DIP_2011_0516
RAD,DIP_2011_0516
JIM,DIP_2011_0517
DGG,DIP_2011_0517
SAL,DIP_2011_0517
MOJ,DIP_2011_0518
TIM,DIP_2011_0519
DGG,DIP_2011_0522
TAM,DIP_2011_0523
CAO,DIP_2011_0523
BRA,DIP_2011_0523
JIM,DIP_2011_0524
WAL,DIP_2011_0524
SAL,DIP_2011_0524
ESK,DIP_2011_0528
RAD,DIP_2011_0529
EST,DIP_2011_0529
DOO,DIP_2011_0529
BEC,DIP_2011_0530
BRA,DIP_2011_0530
ROG,DIP_2011_0530
CAO,DIP_2011_0530
SAL,DIP_2011_0532
JIM,DIP_2011_0532
ROG,DIP_2011_0533
WAL,DIP_2011_0533
MSH,DIP_2011_0534
CUB,DIP_2011_0537
DAI,DIP_2011_0538
IVA,DIP_2011_0539
SCT,DIP_2011_0540
DGG,DIP_2011_0545
RAD,DIP_2011_0547
DOO,DIP_2011_0547
ANJ,DIP_2011_0553
MSH,DIP_2011_0554
ANJ,DIP_2011_0554
ANJ,DIP_2011_0556
LIM,DIP_2012_0001
PAN,DIP_2012_0003
EST,DIP_2012_0004
DOO,DIP_2012_0004
MIT,DIP_2012_0004
TAM,DIP_2012_0006
IVA,DIP_2012_0009
BUC,DIP_2012_0009
SCT,DIP_2012_0009
ATI,DIP_2012_0009
IVA,DIP_2012_0010
SCT,DIP_2012_0010
SCT,DIP_2012_0011
PAN,DIP_2012_0013
LIM,DIP_2012_0013
SAS,DIP_2012_0014
DAM,DIP_2012_0015
JUL,DIP_2012_0016
GRE,DIP_2012_0016
DAM,DIP_2012_0016
PAN,DIP_2012_0017
LIM,DIP_2012_0017
EST,DIP_2012_0018
DOO,DIP_2012_0018
ANJ,DIP_2012_0020
DAM,DIP_2012_0021
SAS,DIP_2012_0021
TAM,DIP_2012_0021
JUF,DIP_2012_0022
SMO,DIP_2012_0022
MAV,DIP_2012_0023
LEM,DIP_2012_0023
SHO,DIP_2012_0023
DAI,DIP_2012_0023
PIN,DIP_2012_0024
MAL,DIP_2012_0025
LIM,DIP_2012_0025
CUB,DIP_2012_0026
SUN,DIP_2012_0027
PAN,DIP_2012_0027
BUC,DIP_2012_0028
TAM,DIP_2012_0030
KAN,DIP_2012_0031
TAM,DIP_2012_0031
WIN,DIP_2012_0031
MSH,DIP_2012_0033
MSH,DIP_2012_0034
LIM,DIP_2012_0037
WIT,DIP_2012_0038
CRT,DIP_2012_0038
MAL,DIP_2012_0038
KAH,DIP_2012_0038
COC,DIP_2012_0040
MOE,DIP_2012_0040
AJA,DIP_2012_0040
TRI,DIP_2012_0040
ANJ,DIP_2012_0043
TAM,DIP_2012_0044
SAS,DIP_2012_0044
DGG,DIP_2012_0048
PTA,DIP_2012_0049
ESK,DIP_2012_0049
CAO,DIP_2012_0050
MAL,DIP_2012_0051
BAI,DIP_2012_0051
WIN,DIP_2012_0060
PAN,DIP_2012_0060
LIM,DIP_2012_0061
ANJ,DIP_2012_0062
DOO,DIP_2012_0063
EST,DIP_2012_0063
DAB,DIP_2012_0063
MIT,DIP_2012_0063
DAB,DIP_2012_0064
GRE,DIP_2012_0065
JUL,DIP_2012_0066
GRE,DIP_2012_0067
DAM,DIP_2012_0067
JUF,DIP_2012_0067
SMO,DIP_2012_0067
PTA,DIP_2012_0068
PAN,DIP_2012_0069
BUC,DIP_2012_0070
PAN,DIP_2012_0071
LIM,DIP_2012_0071
DAB,DIP_2012_0072
EST,DIP_2012_0073
JUL,DIP_2012_0074
PAN,DIP_2012_0075
MIT,DIP_2012_0075
EST,DIP_2012_0075
DOO,DIP_2012_0075
DAB,DIP_2012_0075
MIT,DIP_2012_0077
EST,DIP_2012_0077
TAM,DIP_2012_0077
DOO,DIP_2012_0077
DAB,DIP_2012_0077
SAS,DIP_2012_0078
CAO,DIP_2012_0079
SHR,DIP_2012_0079
TIM,DIP_2012_0079
BRA,DIP_2012_0079
RAD,DIP_2012_0079
SAS,DIP_2012_0080
SAS,DIP_2012_0081
MSH,DIP_2012_0083
DAM,DIP_2012_0084
MSH,DIP_2012_0084
JUL,DIP_2012_0085
GRE,DIP_2012_0086
DEV,DIP_2012_0090
ARN,DIP_2012_0090
DRO,DIP_2012_0091
DRO,DIP_2012_0092
PAN,DIP_2012_0094
SHR,DIP_2012_0095
TIM,DIP_2012_0095
RAD,DIP_2012_0095
GRE,DIP_2012_0096
ROG,DIP_2012_0098
MOJ,DIP_2012_0098
BEC,DIP_2012_0098
AJA,DIP_2012_0099
ABS,DIP_2012_0101
DEP,DIP_2012_0101
MAA,DIP_2012_0101
BAI,DIP_2012_0103
BEC,DIP_2012_0109
MOJ,DIP_2012_0109
ROG,DIP_2012_0109
FAJ,DIP_2012_0110
ATI,DIP_2012_0110
TAP,DIP_2012_0111
BIL,DIP_2012_0111
LIM,DIP_2012_0113
LEM,DIP_2012_0113
MAV,DIP_2012_0113
SCT,DIP_2012_0114
BUC,DIP_2012_0115
SAM,DIP_2012_0116
MAY,DIP_2012_0123
GUI,DIP_2012_0123
SAM,DIP_2012_0125
TEQ,DIP_2012_0128
HMT,DIP_2012_0129
DAL,DIP_2012_0131
DGG,DIP_2012_0134
ESK,DIP_2012_0135
PTA,DIP_2012_0136
CAO,DIP_2012_0137
SHR,DIP_2012_0137
BRA,DIP_2012_0137
MOJ,DIP_2012_0140
SAS,DIP_2012_0145
TAM,DIP_2012_0145
OPH,DIP_2012_0147
BRA,DIP_2012_0147
DRO,DIP_2012_0147
JUL,DIP_2012_0149
EST,DIP_2012_0152
DOO,DIP_2012_0153
MIT,DIP_2012_0153
WAL,DIP_2012_0153
CAO,DIP_2012_0156
BRA,DIP_2012_0156
DRO,DIP_2012_0156
SLM,DIP_2012_0157
DAM,DIP_2012_0158
SMO,DIP_2012_0158
JUF,DIP_2012_0158
GRE,DIP_2012_0159
AJA,DIP_2012_0166
BUC,DIP_2012_0166
MAA,DIP_2012_0166
JON,DIP_2012_0166
ABS,DIP_2012_0166
DEP,DIP_2012_0166
BIL,DIP_2012_0166
MAV,DIP_2012_0167
LEM,DIP_2012_0167
BIL,DIP_2012_0168
CUB,DIP_2012_0169
KAH,DIP_2012_0171
BCD,DIP_2012_0171
DGG,DIP_2012_0172
GRE,DIP_2012_0173
GRE,DIP_2012_0175
JUL,DIP_2012_0177
SLM,DIP_2012_0177
SLM,DIP_2012_0178
DOO,DIP_2012_0180
EST,DIP_2012_0180
MIT,DIP_2012_0180
SUN,DIP_2012_0181
ROG,DIP_2012_0181
TIM,DIP_2012_0183
SHR,DIP_2012_0184
RAD,DIP_2012_0184
MSH,DIP_2012_0185
GMP,DIP_2012_0186
TEQ,DIP_2012_0188
SAM,DIP_2012_0188
BEC,DIP_2012_0189
SUN,DIP_2012_0189
ROG,DIP_2012_0189
PAN,DIP_2012_0192
KAN,DIP_2012_0192
WAL,DIP_2012_0192
WIN,DIP_2012_0192
DOO,DIP_2012_0193
EST,DIP_2012_0193
ROG,DIP_2012_0194
BEC,DIP_2012_0194
SUN,DIP_2012_0194
EST,DIP_2012_0194
MSH,DIP_2012_0199
WAL,DIP_2012_0200
POO,DIP_2012_0200
WAL,DIP_2012_0201
BNN,DIP_2012_0203
BCD,DIP_2012_0204
DUN,DIP_2012_0206
RAD,DIP_2012_0208
DGG,DIP_2012_0209
JUF,DIP_2012_0214
SUN,DIP_2012_0215
SCT,DIP_2012_0216
IVA,DIP_2012_0216
ATI,DIP_2012_0216
BUC,DIP_2012_0216
AJA,DIP_2012_0216
WIN,DIP_2012_0217
KAN,DIP_2012_0217
DAB,DIP_2012_0218
DOO,DIP_2012_0220
EST,DIP_2012_0220
MIT,DIP_2012_0220
BNN,DIP_2012_0222
DEV,DIP_2012_0224
ARN,DIP_2012_0224
MSH,DIP_2012_0224
GRE,DIP_2012_0224
JUL,DIP_2012_0224
DAI,DIP_2012_0225
TAP,DIP_2012_0225
HEA,DIP_2012_0226
EMU,DIP_2012_0231
SUN,DIP_2012_0233
LIM,DIP_2012_0234
BEC,DIP_2012_0235
ROG,DIP_2012_0235
MAV,DIP_2012_0236
LEM,DIP_2012_0236
TIM,DIP_2012_0239
RAD,DIP_2012_0239
EST,DIP_2012_0239
DOO,DIP_2012_0239
LGT,DIP_2012_0240
LGT,DIP_2012_0241
SMO,DIP_2012_0243
SHR,DIP_2012_0243
JUF,DIP_2012_0243
OPH,DIP_2012_0243
EST,DIP_2012_0243
OPH,DIP_2012_0245
SHR,DIP_2012_0245
RAD,DIP_2012_0248
DOO,DIP_2012_0248
TIM,DIP_2012_0248
SHR,DIP_2012_0248
EST,DIP_2012_0248
JUL,DIP_2012_0249
GRE,DIP_2012_0250
BRA,DIP_2012_0250
CAO,DIP_2012_0251
WIN,DIP_2012_0251
DEV,DIP_2012_0252
ARN,DIP_2012_0252
MOJ,DIP_2012_0254
ROG,DIP_2012_0254
TAM,DIP_2012_0255
KAN,DIP_2012_0255
TAM,DIP_2012_0256
SMO,DIP_2012_0256
WIN,DIP_2012_0256
JUF,DIP_2012_0256
BRA,DIP_2012_0258
CAO,DIP_2012_0258
KAN,DIP_2012_0258
TIM,DIP_2012_0259
DOO,DIP_2012_0259
EST,DIP_2012_0259
RAD,DIP_2012_0259
OPH,DIP_2012_0260
RAD,DIP_2012_0260
SHR,DIP_2012_0261
OPH,DIP_2012_0261
TIM,DIP_2012_0261
RAD,DIP_2012_0261
EST,DIP_2012_0261
DOO,DIP_2012_0261
DAL,DIP_2012_0262
TUK,DIP_2012_0268
ESK,DIP_2012_0270
BEC,DIP_2012_0270
ROG,DIP_2012_0270
CAO,DIP_2012_0271
ARN,DIP_2012_0271
TAM,DIP_2012_0271
DEV,DIP_2012_0271
PTA,DIP_2012_0272
GRE,DIP_2012_0273
CAO,DIP_2012_0273
BRA,DIP_2012_0273
JUL,DIP_2012_0273
PTA,DIP_2012_0273
ESK,DIP_2012_0276
BEC,DIP_2012_0276
ROG,DIP_2012_0276
KAN,DIP_2012_0277
ANN,DIP_2012_0278
JAC,DIP_2012_0281
FAJ,DIP_2012_0282
WHI,DIP_2012_0285
TEQ,DIP_2012_0286
SAM,DIP_2012_0286
LIM,DIP_2012_0287
PAN,DIP_2012_0287
MAA,DIP_2012_0288
MOE,DIP_2012_0288
DEP,DIP_2012_0288
ABS,DIP_2012_0288
JON,DIP_2012_0288
TRI,DIP_2012_0288
COC,DIP_2012_0288
SAS,DIP_2012_0289
PAT,DIP_2012_0290
DEV,DIP_2012_0290
ARN,DIP_2012_0290
BAI,DIP_2012_0291
CRT,DIP_2012_0291
MAV,DIP_2012_0291
WIT,DIP_2012_0291
LEM,DIP_2012_0291
ANN,DIP_2012_0293
AJA,DIP_2012_0294
GUI,DIP_2012_0294
RDA,DIP_2012_0294
GUI,DIP_2012_0296
SAM,DIP_2012_0297
BIL,DIP_2012_0298
DAB,DIP_2012_0301
POO,DIP_2012_0301
WIN,DIP_2012_0301
KAN,DIP_2012_0301
RAD,DIP_2012_0303
DOO,DIP_2012_0303
DEV,DIP_2012_0304
ARN,DIP_2012_0304
GRE,DIP_2012_0305
JUL,DIP_2012_0305
CRT,DIP_2012_0308
WIT,DIP_2012_0309
DAM,DIP_2012_0311
SMO,DIP_2012_0311
JUF,DIP_2012_0311
DEV,DIP_2012_0312
ARN,DIP_2012_0312
JUL,DIP_2012_0316
DGG,DIP_2012_0317
SLM,DIP_2012_0317
GRE,DIP_2012_0318
ANJ,DIP_2012_0321
LIM,DIP_2012_0332
POO,DIP_2012_0332
GRE,DIP_2012_0334
JUL,DIP_2012_0334
SMO,DIP_2012_0336
DGG,DIP_2012_0336
JUF,DIP_2012_0336
WIN,DIP_2012_0338
KAN,DIP_2012_0338
EST,DIP_2012_0339
WAL,DIP_2012_0340
POO,DIP_2012_0340
SLM,DIP_2012_0342
CAO,DIP_2012_0343
BRA,DIP_2012_0343
DEV,DIP_2012_0343
ARN,DIP_2012_0343
JUL,DIP_2012_0345
BUC,DIP_2012_0348
CRT,DIP_2012_0352
WIT,DIP_2012_0352
BRA,DIP_2012_0356
POO,DIP_2012_0356
CAO,DIP_2012_0356
KAN,DIP_2012_0356
ARN,DIP_2012_0357
DEV,DIP_2012_0357
SMO,DIP_2012_0357
SMO,DIP_2012_0358
JUF,DIP_2012_0358
ANJ,DIP_2012_0364
POO,DIP_2012_0365
WAL,DIP_2012_0365
EST,DIP_2012_0366
DAB,DIP_2012_0366
MIT,DIP_2012_0366
BEC,DIP_2012_0367
ROG,DIP_2012_0367
ANN,DIP_2012_0369
PAN,DIP_2012_0371
LIZ,DIP_2013_0003
SMO,DIP_2013_0004
ANJ,DIP_2013_0006
KAN,DIP_2013_0009
OPH,DIP_2013_0009
SLM,DIP_2013_0010
TIM,DIP_2013_0011
CAO,DIP_2013_0012
TIM,DIP_2013_0012
BRA,DIP_2013_0013
DEV,DIP_2013_0013
ARN,DIP_2013_0013
MSH,DIP_2013_0014
CAO,DIP_2013_0015
BRA,DIP_2013_0015
SLM,DIP_2013_0018
SLM,DIP_2013_0020
DAM,DIP_2013_0021
JUL,DIP_2013_0021
GRE,DIP_2013_0021
DAM,DIP_2013_0023
JUL,DIP_2013_0023
TAM,DIP_2013_0023
GRE,DIP_2013_0023
PAN,DIP_2013_0025
ANJ,DIP_2013_0029
DET,DIP_2013_0030
DUN,DIP_2013_0031
GRE,DIP_2013_0033
BAI,DIP_2013_0035
POO,DIP_2013_0039
DGG,DIP_2013_0039
SLM,DIP_2013_0039
ANJ,DIP_2013_0042
BRA,DIP_2013_0042
ARN,DIP_2013_0047
DEV,DIP_2013_0047
ANJ,DIP_2013_0049
DAM,DIP_2013_0051
SMO,DIP_2013_0052
DAM,DIP_2013_0052
JUF,DIP_2013_0052
CAO,DIP_2013_0053
DEV,DIP_2013_0053
JUL,DIP_2013_0053
POO,DIP_2013_0053
JUF,DIP_2013_0053
ARN,DIP_2013_0053
SMO,DIP_2013_0053
GRE,DIP_2013_0053
DAM,DIP_2013_0057
SMO,DIP_2013_0058
DAM,DIP_2013_0058
TIM,DIP_2013_0058
JUF,DIP_2013_0058
GRE,DIP_2013_0059
CAO,DIP_2013_0065
SHR,DIP_2013_0066
TIM,DIP_2013_0066
MSH,DIP_2013_0068
KAH,DIP_2013_0069
BAI,DIP_2013_0070
WIT,DIP_2013_0072
CRT,DIP_2013_0072
MSH,DIP_2013_0073
LIM,DIP_2013_0074
MAL,DIP_2013_0075
ABS,DIP_2013_0075
TRI,DIP_2013_0075
JON,DIP_2013_0075
MAA,DIP_2013_0075
MOE,DIP_2013_0075
JON,DIP_2013_0076
ABS,DIP_2013_0077
TRI,DIP_2013_0077
JON,DIP_2013_0077
MAA,DIP_2013_0077
MOE,DIP_2013_0077
MAL,DIP_2013_0077
HEA,DIP_2013_0078
HEA,DIP_2013_0079
LIM,DIP_2013_0079
BNN,DIP_2013_0082
ANJ,DIP_2013_0084
MSH,DIP_2013_0084
SAS,DIP_2013_0085
JON,DIP_2013_0086
MAA,DIP_2013_0087
MOE,DIP_2013_0087
DEP,DIP_2013_0088
DEP,DIP_2013_0089
DEP,DIP_2013_0090
MAL,DIP_2013_0091
MAA,DIP_2013_0091
TRI,DIP_2013_0091
JON,DIP_2013_0091
MOE,DIP_2013_0091
ABS,DIP_2013_0092
BRA,DIP_2013_0093
MAV,DIP_2013_0095
TUK,DIP_2013_0095
LIM,DIP_2013_0096
CUB,DIP_2013_0096
HEA,DIP_2013_0096
ABS,DIP_2013_0097
HEA,DIP_2013_0097
MAL,DIP_2013_0097
SLM,DIP_2013_0099
TIM,DIP_2013_0102
ARN,DIP_2013_0103
DEV,DIP_2013_0103
TAM,DIP_2013_0103
TIM,DIP_2013_0103
KAH,DIP_2013_0105
DEP,DIP_2013_0106
TRI,DIP_2013_0107
MAA,DIP_2013_0107
MOE,DIP_2013_0107
EST,DIP_2013_0108
DAB,DIP_2013_0108
DOO,DIP_2013_0108
DAB,DIP_2013_0109
TAP,DIP_2013_0110
BUC,DIP_2013_0110
LIE,DIP_2013_0111
DAM,DIP_2013_0113
JUF,DIP_2013_0113
SMO,DIP_2013_0113
MSH,DIP_2013_0114
JUF,DIP_2013_0116
SMO,DIP_2013_0116
DAM,DIP_2013_0117
SMO,DIP_2013_0117
JUL,DIP_2013_0120
DGG,DIP_2013_0120
GRE,DIP_2013_0120
LIM,DIP_2013_0122
MAA,DIP_2013_0123
MOE,DIP_2013_0123
TUK,DIP_2013_0123
DEP,DIP_2013_0123
ABS,DIP_2013_0123
JON,DIP_2013_0123
TRI,DIP_2013_0123
DAB,DIP_2013_0124
DGG,DIP_2013_0125
GRE,DIP_2013_0125
JUL,DIP_2013_0125
BRA,DIP_2013_0126
CAO,DIP_2013_0126
MSH,DIP_2013_0129
SLM,DIP_2013_0132
ANJ,DIP_2013_0133
BEC,DIP_2013_0136
ROG,DIP_2013_0136
EST,DIP_2013_0138
SLM,DIP_2013_0139
SLM,DIP_2013_0140
TIM,DIP_2013_0141
BRA,DIP_2013_0142
BRA,DIP_2013_0146
RAD,DIP_2013_0146
DAB,DIP_2013_0146
EST,DIP_2013_0146
POO,DIP_2013_0147
KAN,DIP_2013_0147
DGG,DIP_2013_0150
DUN,DIP_2013_0152
DAL,DIP_2013_0154
GRE,DIP_2013_0156
SCT,DIP_2013_0158
ATI,DIP_2013_0158
IVA,DIP_2013_0158
SUN,DIP_2013_0159
RAD,DIP_2013_0162
DOO,DIP_2013_0162
POO,DIP_2013_0162
DAB,DIP_2013_0162
EST,DIP_2013_0162
DGG,DIP_2013_0163
SAS,DIP_2013_0163
TAM,DIP_2013_0163
CAO,DIP_2013_0164
BRA,DIP_2013_0166
BAI,DIP_2013_0167
DUN,DIP_2013_0169
POO,DIP_2013_0174
KAN,DIP_2013_0174
SAS,DIP_2013_0175
TAM,DIP_2013_0176
DEV,DIP_2013_0178
KAH,DIP_2013_0181
BAI,DIP_2013_0182
SAS,DIP_2013_0183
TAM,DIP_2013_0183
POO,DIP_2013_0183
TAM,DIP_2013_0184
SMO,DIP_2013_0184
GRE,DIP_2013_0186
JUL,DIP_2013_0186
ARN,DIP_2013_0187
DEV,DIP_2013_0187
TAM,DIP_2013_0189
MSH,DIP_2013_0191
BNN,DIP_2013_0192
DGG,DIP_2013_0193
JIM,DIP_2013_0196
POO,DIP_2013_0197
DAM,DIP_2013_0198
TIM,DIP_2013_0198
SMO,DIP_2013_0198
JUL,DIP_2013_0199
TAM,DIP_2013_0199
SAS,DIP_2013_0199
GRE,DIP_2013_0199
TIM,DIP_2013_0200
BRA,DIP_2013_0200
CAO,DIP_2013_0200
SUN,DIP_2013_0201
ATI,DIP_2013_0203
TUK,DIP_2013_0203
IVA,DIP_2013_0203
MAA,DIP_2013_0203
JON,DIP_2013_0203
MOE,DIP_2013_0203
TRI,DIP_2013_0203
ABS,DIP_2013_0203
SCT,DIP_2013_0203
ATI,DIP_2013_0204
IVA,DIP_2013_0205
LIM,DIP_2013_0209
LEM,DIP_2013_0210
MAV,DIP_2013_0210
MAL,DIP_2013_0211
BEN,DIP_2013_0213
PUN,DIP_2013_0213
DAL,DIP_2013_0214
MSH,DIP_2013_0218
JUL,DIP_2013_0222
GRE,DIP_2013_0222
JIM,DIP_2013_0224
TAM,DIP_2013_0226
DUN,DIP_2013_0228
MSH,DIP_2013_0231
LGT,DIP_2013_0233
ANJ,DIP_2013_0234
POO,DIP_2013_0235
KAN,DIP_2013_0235
WAL,DIP_2013_0235
DEV,DIP_2013_0236
ARN,DIP_2013_0236
CAO,DIP_2013_0237
TAM,DIP_2013_0239
JAC,DIP_2013_0242
RDA,DIP_2013_0243
MIT,DIP_2013_0245
ANJ,DIP_2013_0245
SAS,DIP_2013_0246
TAM,DIP_2013_0248
JIM,DIP_2013_0250
JIM,DIP_2013_0252
ANJ,DIP_2013_0253
DOO,DIP_2013_0254
JUF,DIP_2013_0254
DAM,DIP_2013_0254
SMO,DIP_2013_0254
EST,DIP_2013_0255
PTA,DIP_2013_0256
MSH,DIP_2013_0258
SLM,DIP_2013_0264
JUF,DIP_2013_0266
SMO,DIP_2013_0266
DAM,DIP_2013_0266
MSH,DIP_2013_0267
MSH,DIP_2013_0269
MSH,DIP_2013_0270
DAM,DIP_2013_0271
SMO,DIP_2013_0271
POO,DIP_2013_0277
WAL,DIP_2013_0277
DOO,DIP_2013_0279
JUF,DIP_2013_0279
SMO,DIP_2013_0279
DAB,DIP_2013_0279
EST,DIP_2013_0279
DAM,DIP_2013_0279
SAS,DIP_2013_0279
SMO,DIP_2013_0280
BUC,DIP_2013_0281
TAP,DIP_2013_0281
KAH,DIP_2013_0282
LIZ,DIP_2013_0284
BNO,DIP_2013_0285
SMO,DIP_2013_0287
DAM,DIP_2013_0287
KAN,DIP_2013_0288
JUF,DIP_2013_0290
BRA,DIP_2013_0290
SMO,DIP_2013_0290
DAM,DIP_2013_0290
DGG,DIP_2013_0291
GRE,DIP_2013_0291
JUL,DIP_2013_0291
LIZ,DIP_2013_0293
GRE,DIP_2013_0295
DGG,DIP_2013_0295
PAT,DIP_2013_0296
SCT,DIP_2013_0296
ATI,DIP_2013_0296
IVA,DIP_2013_0296
ANJ,DIP_2013_0298
ARN,DIP_2013_0303
DEV,DIP_2013_0303
BRA,DIP_2013_0303
TAM,DIP_2013_0304
DOO,DIP_2013_0305
WAL,DIP_2013_0305
EST,DIP_2013_0305
TAM,DIP_2013_0306
JUF,DIP_2013_0307
BRA,DIP_2013_0307
DAM,DIP_2013_0307
DEV,DIP_2013_0307
ARN,DIP_2013_0307
OPH,DIP_2013_0307
SMO,DIP_2013_0308
WAL,DIP_2013_0312
DAB,DIP_2013_0312
MIT,DIP_2013_0312
WAL,DIP_2013_0313
PTA,DIP_2013_0315
JUF,DIP_2013_0317
EST,DIP_2013_0317
DOO,DIP_2013_0317
SAS,DIP_2013_0317
MIT,DIP_2013_0317
DAB,DIP_2013_0317
PTA,DIP_2013_0318
JUF,DIP_2013_0321
MOJ,DIP_2013_0322
JIM,DIP_2013_0324
SAM,DIP_2013_0325
GIN,DIP_2013_0326
PAN,DIP_2013_0327
JUF,DIP_2013_0329
SMO,DIP_2013_0329
DAM,DIP_2013_0329
BRA,DIP_2013_0334
SLM,DIP_2013_0336
JUL,DIP_2013_0337
MSH,DIP_2013_0338
DEV,DIP_2013_0343
ARN,DIP_2013_0343
ANJ,DIP_2013_0344
POO,DIP_2013_0345
WIN,DIP_2013_0345
KAN,DIP_2013_0345
WAL,DIP_2013_0346
CAO,DIP_2013_0347
WAL,DIP_2013_0347
BRA,DIP_2013_0348
ANJ,DIP_2013_0350
TUK,DIP_2013_0351
DEP,DIP_2013_0351
JON,DIP_2013_0351
ABS,DIP_2013_0351
GRE,DIP_2013_0352
CAO,DIP_2013_0353
DAM,DIP_2013_0353
KAH,DIP_2013_0354
LIM,DIP_2013_0354
MAL,DIP_2013_0354
LIE,DIP_2013_0354
MAV,DIP_2013_0354
TAP,DIP_2013_0354
GRE,DIP_2013_0356
ANJ,DIP_2013_0359
KAH,DIP_2013_0360
LIZ,DIP_2013_0361
LIE,DIP_2013_0362
DAM,DIP_2013_0363
DUN,DIP_2013_0364
MSH,DIP_2013_0365
ANJ,DIP_2013_0365
BIL,DIP_2013_0369
PAT,DIP_2013_0370
DGG,DIP_2013_0371
CAO,DIP_2013_0372
BRA,DIP_2013_0372
GRE,DIP_2013_0373
JUF,DIP_2013_0374
DAM,DIP_2013_0374
SMO,DIP_2013_0374
ATI,DIP_2013_0379
IVA,DIP_2013_0379
SCT,DIP_2013_0381
WIT,DIP_2013_0382
JUF,DIP_2013_0384
CAO,DIP_2013_0384
DAM,DIP_2013_0384
SMO,DIP_2013_0384
TAM,DIP_2013_0385
ANJ,DIP_2013_0386
GRE,DIP_2013_0388
JUL,DIP_2013_0388
HMT,DIP_2013_0389
LIZ,DIP_2013_0391
PAN,DIP_2013_0395
EST,DIP_2013_0395
DOO,DIP_2013_0395
DAB,DIP_2013_0395
GUI,DIP_2013_0396
MOJ,DIP_2013_0396
DGG,DIP_2013_0397
DUN,DIP_2013_0397
GRE,DIP_2013_0400
JUL,DIP_2013_0401
ANJ,DIP_2013_0402
CAO,DIP_2013_0404
BRA,DIP_2013_0405
BRA,DIP_2013_0408
CAO,DIP_2013_0409
DAM,DIP_2013_0409
SMO,DIP_2013_0409
JUF,DIP_2013_0409
JUL,DIP_2013_0410
GRE,DIP_2013_0411
ARN,DIP_2013_0412
DEV,DIP_2013_0412
RAD,DIP_2013_0412
TIM,DIP_2013_0412
LEM,DIP_2013_0414
MAL,DIP_2013_0414
LEM,DIP_2013_0415
MAL,DIP_2013_0415
MAV,DIP_2013_0415
FAJ,DIP_2013_0416
BIL,DIP_2013_0416
SUN,DIP_2013_0417
CAO,DIP_2013_0420
BRA,DIP_2013_0420
PAN,DIP_2013_0421
MOJ,DIP_2013_0422
SUN,DIP_2013_0423
BNO,DIP_2013_0424
COC,DIP_2013_0424
TRI,DIP_2013_0426
MAA,DIP_2013_0426
BAI,DIP_2013_0427
AJA,DIP_2013_0427
SIL,DIP_2013_0428
BEN,DIP_2013_0428
LIM,DIP_2013_0428
CRT,DIP_2013_0429
SIL,DIP_2013_0430
BRA,DIP_2013_0432
JUF,DIP_2013_0433
BIL,DIP_2013_0437
RHY,DIP_2013_0437
GRE,DIP_2013_0438
KAN,DIP_2013_0439
CAO,DIP_2013_0440
DOO,DIP_2013_0441
ANJ,DIP_2013_0442
PTA,DIP_2013_0445
BRA,DIP_2013_0446
BRA,DIP_2013_0447
BEN,DIP_2013_0449
LGT,DIP_2013_0453
ARN,DIP_2013_0454
DEV,DIP_2013_0454
GRE,DIP_2013_0455
JUL,DIP_2013_0455
PTA,DIP_2013_0456
JUL,DIP_2013_0457
LIM,DIP_2013_0458
BNN,DIP_2013_0459
MSH,DIP_2013_0460
FAJ,DIP_2013_0461
TUK,DIP_2013_0463
ABS,DIP_2013_0463
JON,DIP_2013_0463
BNO,DIP_2013_0463
DEP,DIP_2013_0463
TRI,DIP_2013_0463
AJA,DIP_2013_0463
COC,DIP_2013_0463
MAA,DIP_2013_0463
MOE,DIP_2013_0463
CAO,DIP_2013_0465
POO,DIP_2013_0465
SLM,DIP_2013_0466
SAS,DIP_2013_0467
ROG,DIP_2013_0468
PTA,DIP_2013_0471
DUN,DIP_2013_0475
BAI,DIP_2013_0477
BEN,DIP_2013_0478
JUL,DIP_2013_0479
GRE,DIP_2013_0479
BRA,DIP_2013_0483
CAO,DIP_2013_0484
GRE,DIP_2013_0484
PTA,DIP_2013_0485
DUN,DIP_2013_0487
TIM,DIP_2013_0489
SHR,DIP_2013_0489
OPH,DIP_2013_0489
BAI,DIP_2013_0494
WIT,DIP_2013_0495
MAL,DIP_2013_0496
LIM,DIP_2013_0498
MAV,DIP_2013_0498
PAT,DIP_2013_0499
LIZ,DIP_2013_0500
PIN,DIP_2013_0502
LIM,DIP_2013_0502
ATI,DIP_2013_0503
PAT,DIP_2013_0504
BNO,DIP_2013_0505
TUK,DIP_2013_0505
COC,DIP_2013_0505
DEP,DIP_2013_0505
MAA,DIP_2013_0505
MOE,DIP_2013_0505
ABS,DIP_2013_0505
TRI,DIP_2013_0505
MOJ,DIP_2013_0505
LIZ,DIP_2013_0507
MAL,DIP_2013_0508
BAI,DIP_2013_0510
BIL,DIP_2013_0511
LIZ,DIP_2013_0511
MAV,DIP_2013_0512
BUC,DIP_2013_0514
BEN,DIP_2013_0515
LIZ,DIP_2013_0518
SCT,DIP_2013_0520
TAP,DIP_2013_0521
BAI,DIP_2013_0521
PAT,DIP_2013_0522
MAL,DIP_2013_0522
MAL,DIP_2013_0523
KAH,DIP_2013_0523
TAP,DIP_2013_0523
PIN,DIP_2013_0524
CRT,DIP_2013_0525
GUI,DIP_2013_0526
SUN,DIP_2013_0528
BUC,DIP_2013_0529
GUI,DIP_2013_0529
MAL,DIP_2013_0531
KAH,DIP_2013_0531
PAN,DIP_2013_0532
MOE,DIP_2013_0532
RDA,DIP_2013_0532
PAT,DIP_2013_0532
BIL,DIP_2013_0534
HEA,DIP_2013_0536
MSH,DIP_2013_0537
TUK,DIP_2013_0538
MAA,DIP_2013_0538
MOE,DIP_2013_0538
JON,DIP_2013_0538
TRI,DIP_2013_0538
ABS,DIP_2013_0538
DEP,DIP_2013_0538
MOJ,DIP_2013_0538
MAV,DIP_2013_0541
LEM,DIP_2013_0541
TUK,DIP_2013_0543
MAA,DIP_2013_0543
MOE,DIP_2013_0543
TRI,DIP_2013_0543
LIM,DIP_2013_0544
MAV,DIP_2013_0544
ROG,DIP_2013_0546
EST,DIP_2013_0546
DOO,DIP_2013_0546
BAI,DIP_2013_0546
MIT,DIP_2013_0546
BEC,DIP_2013_0546
CUB,DIP_2013_0547
BAI,DIP_2013_0550
ABS,DIP_2013_0551
DEP,DIP_2013_0551
MOJ,DIP_2013_0551
MAA,DIP_2013_0552
TUK,DIP_2013_0552
EST,DIP_2013_0553
POO,DIP_2013_0555
WAL,DIP_2013_0555
DAM,DIP_2013_0557
SMO,DIP_2013_0557
JUF,DIP_2013_0558
GRE,DIP_2013_0560
BRA,DIP_2013_0561
CAO,DIP_2013_0563
LIM,DIP_2014_0004
EST,DIP_2014_0005
DOO,DIP_2014_0005
DGG,DIP_2014_0007
DEV,DIP_2014_0008
ARN,DIP_2014_0008
MSH,DIP_2014_0009
CUB,DIP_2014_0012
TIM,DIP_2014_0015
DOO,DIP_2014_0015
WAL,DIP_2014_0015
BRA,DIP_2014_0015
KAN,DIP_2014_0015
POO,DIP_2014_0015
RAD,DIP_2014_0015
JUF,DIP_2014_0016
JUF,DIP_2014_0017
BEN,DIP_2014_0018
LIM,DIP_2014_0018
LIE,DIP_2014_0020
LIE,DIP_2014_0021
MAL,DIP_2014_0024
SMO,DIP_2014_0025
POO,DIP_2014_0026
TAM,DIP_2014_0026
TIM,DIP_2014_0026
RAD,DIP_2014_0026
EST,DIP_2014_0026
DAB,DIP_2014_0026
DOO,DIP_2014_0026
KAN,DIP_2014_0026
MIT,DIP_2014_0026
CAO,DIP_2014_0026
JUF,DIP_2014_0027
MOJ,DIP_2014_0028
MAV,DIP_2014_0032
PAN,DIP_2014_0032
RDA,DIP_2014_0033
POO,DIP_2014_0035
WAL,DIP_2014_0035
KAN,DIP_2014_0035
SAS,DIP_2014_0035
CAO,DIP_2014_0035
WAL,DIP_2014_0036
TIM,DIP_2014_0036
SAS,DIP_2014_0036
RAD,DIP_2014_0036
EST,DIP_2014_0036
DOO,DIP_2014_0036
KAN,DIP_2014_0036
POO,DIP_2014_0036
SMO,DIP_2014_0037
JUF,DIP_2014_0037
PAN,DIP_2014_0038
BRA,DIP_2014_0039
DOO,DIP_2014_0040
EST,DIP_2014_0040
RAD,DIP_2014_0040
KAN,DIP_2014_0040
TIM,DIP_2014_0040
MAV,DIP_2014_0041
LEM,DIP_2014_0041
JUF,DIP_2014_0042
TUK,DIP_2014_0043
LIM,DIP_2014_0044
PAT,DIP_2014_0045
LIM,DIP_2014_0045
MAA,DIP_2014_0046
MOE,DIP_2014_0046
MAL,DIP_2014_0046
SCT,DIP_2014_0047
ATI,DIP_2014_0047
IVA,DIP_2014_0048
ATI,DIP_2014_0049
DGG,DIP_2014_0050
POO,DIP_2014_0051
MIT,DIP_2014_0051
WAL,DIP_2014_0051
TIM,DIP_2014_0051
KAN,DIP_2014_0051
WIN,DIP_2014_0051
EST,DIP_2014_0051
DAB,DIP_2014_0051
DOO,DIP_2014_0051
RAD,DIP_2014_0051
MAV,DIP_2014_0053
DGG,DIP_2014_0055
JUF,DIP_2014_0056
DAM,DIP_2014_0056
EST,DIP_2014_0057
DAB,DIP_2014_0057
DOO,DIP_2014_0057
KAN,DIP_2014_0057
MIT,DIP_2014_0057
WIN,DIP_2014_0057
SAS,DIP_2014_0061
OPH,DIP_2014_0061
SLM,DIP_2014_0062
JUF,DIP_2014_0062
DGG,DIP_2014_0062
JUL,DIP_2014_0063
GRE,DIP_2014_0063
CAO,DIP_2014_0063
BRA,DIP_2014_0064
PUN,DIP_2014_0069
CRT,DIP_2014_0070
PUN,DIP_2014_0071
HEA,DIP_2014_0071
BAI,DIP_2014_0072
KAH,DIP_2014_0073
DAI,DIP_2014_0074
IVA,DIP_2014_0075
MOJ,DIP_2014_0076
TUK,DIP_2014_0077
SAM,DIP_2014_0083
WHI,DIP_2014_0084
HIP,DIP_2014_0084
LIE,DIP_2014_0084
PAN,DIP_2014_0085
TIM,DIP_2014_0085
DOO,DIP_2014_0085
WAL,DIP_2014_0085
BRA,DIP_2014_0085
KAN,DIP_2014_0085
OPH,DIP_2014_0085
WIN,DIP_2014_0085
POO,DIP_2014_0085
RAD,DIP_2014_0085
EST,DIP_2014_0088
ANJ,DIP_2014_0090
JUL,DIP_2014_0091
BRA,DIP_2014_0091
CAO,DIP_2014_0091
LEM,DIP_2014_0092
CAO,DIP_2014_0093
DEV,DIP_2014_0094
ARN,DIP_2014_0094
DEV,DIP_2014_0095
ARN,DIP_2014_0095
EMU,DIP_2014_0096
PTA,DIP_2014_0097
PTA,DIP_2014_0098
OPH,DIP_2014_0100
DET,DIP_2014_0100
ESK,DIP_2014_0101
GRE,DIP_2014_0103
EST,DIP_2014_0103
JUL,DIP_2014_0103
DAB,DIP_2014_0103
DAI,DIP_2014_0104
RDA,DIP_2014_0105
BUC,DIP_2014_0106
BEC,DIP_2014_0107
GUI,DIP_2014_0108
WIN,DIP_2014_0110
POO,DIP_2014_0110
WAL,DIP_2014_0110
BRA,DIP_2014_0111
CAO,DIP_2014_0111
DGG,DIP_2014_0112
SLM,DIP_2014_0112
SMO,DIP_2014_0113
JUF,DIP_2014_0113
SMO,DIP_2014_0114
JUF,DIP_2014_0114
DAM,DIP_2014_0114
MSH,DIP_2014_0115
DAI,DIP_2014_0119
LIM,DIP_2014_0120
HIP,DIP_2014_0121
HEA,DIP_2014_0122
MOJ,DIP_2014_0125
MAV,DIP_2014_0128
BUC,DIP_2014_0129
LIM,DIP_2014_0131
PAN,DIP_2014_0133
PAT,DIP_2014_0133
RDA,DIP_2014_0133
SCT,DIP_2014_0133
ATI,DIP_2014_0133
SCT,DIP_2014_0135
MOJ,DIP_2014_0135
ATI,DIP_2014_0135
DEV,DIP_2014_0136
ARN,DIP_2014_0136
EMU,DIP_2014_0137
WIN,DIP_2014_0139
JUF,DIP_2014_0139
POO,DIP_2014_0139
SCT,DIP_2014_0140
MOJ,DIP_2014_0141
EST,DIP_2014_0142
RDA,DIP_2014_0145
PAT,DIP_2014_0145
JUF,DIP_2014_0148
KAN,DIP_2014_0149
CAO,DIP_2014_0150
MSH,DIP_2014_0151
ATI,DIP_2014_0153
SCT,DIP_2014_0154
SAM,DIP_2014_0158
GUI,DIP_2014_0159
BIL,DIP_2014_0159
PAT,DIP_2014_0161
RDA,DIP_2014_0162
RDA,DIP_2014_0163
BEC,DIP_2014_0164
HIP,DIP_2014_0168
EST,DIP_2014_0169
WAL,DIP_2014_0169
KAN,DIP_2014_0169
WIN,DIP_2014_0169
POO,DIP_2014_0169
CAO,DIP_2014_0169
JUF,DIP_2014_0170
BRA,DIP_2014_0170
DGG,DIP_2014_0171
DEV,DIP_2014_0172
ARN,DIP_2014_0172
OPH,DIP_2014_0173
MOJ,DIP_2014_0173
SHR,DIP_2014_0173
DAB,DIP_2014_0173
BEC,DIP_2014_0174
LIZ,DIP_2014_0178
SMO,DIP_2014_0182
JUF,DIP_2014_0182
DAI,DIP_2014_0183
BUC,DIP_2014_0184
EST,DIP_2014_0185
JAC,DIP_2014_0188
BIL,DIP_2014_0189
BUC,DIP_2014_0190
GIN,DIP_2014_0190
MOJ,DIP_2014_0190
JIM,DIP_2014_0192
OPH,DIP_2014_0196
DEV,DIP_2014_0198
ARN,DIP_2014_0198
SHR,DIP_2014_0198
ESK,DIP_2014_0200
TAM,DIP_2014_0201
BCD,DIP_2014_0204
KAN,DIP_2014_0206
POO,DIP_2014_0206
WAL,DIP_2014_0206
WAL,DIP_2014_0207
PAT,DIP_2014_0209
RDA,DIP_2014_0211
CRT,DIP_2014_0212
MSH,DIP_2014_0213
JUL,DIP_2014_0214
CAO,DIP_2014_0214
GRE,DIP_2014_0214
JIM,DIP_2014_0215
TIM,DIP_2014_0216
RAD,DIP_2014_0216
EST,DIP_2014_0216
DOO,DIP_2014_0216
MIT,DIP_2014_0216
WIN,DIP_2014_0216
BUC,DIP_2014_0223
DAI,DIP_2014_0225
DAI,DIP_2014_0227
TEQ,DIP_2014_0229
SUN,DIP_2014_0230
SUN,DIP_2014_0231
HEA,DIP_2014_0233
MAV,DIP_2014_0233
BNO,DIP_2014_0234
COC,DIP_2014_0235
BNO,DIP_2014_0236
WAL,DIP_2014_0237
POO,DIP_2014_0238
TAM,DIP_2014_0240
KAN,DIP_2014_0240
SUN,DIP_2014_0241
SUN,DIP_2014_0245
EST,DIP_2014_0246
DOO,DIP_2014_0246
WAL,DIP_2014_0249
WIN,DIP_2014_0249
POO,DIP_2014_0249
RAD,DIP_2014_0249
MIT,DIP_2014_0249
CAO,DIP_2014_0250
JUL,DIP_2014_0250
SUN,DIP_2014_0252
EST,DIP_2014_0255
DOO,DIP_2014_0255
RAD,DIP_2014_0255
TUK,DIP_2014_0257
MOJ,DIP_2014_0258
GIN,DIP_2014_0261
MOJ,DIP_2014_0261
TUK,DIP_2014_0261
GIN,DIP_2014_0262
WAL,DIP_2014_0262
MOJ,DIP_2014_0262
POO,DIP_2014_0262
TUK,DIP_2014_0262
MOJ,DIP_2014_0264
PTA,DIP_2014_0265
DOO,DIP_2014_0266
SUN,DIP_2014_0268
EMU,DIP_2014_0270
JUF,DIP_2014_0273
WAL,DIP_2014_0274
GUI,DIP_2014_0280
FAJ,DIP_2014_0281
PAN,DIP_2014_0283
LIE,DIP_2014_0284
LIZ,DIP_2014_0285
LIE,DIP_2014_0285
HEA,DIP_2014_0285
ABS,DIP_2014_0287
PAT,DIP_2014_0287
JON,DIP_2014_0287
DEP,DIP_2014_0287
MAL,DIP_2014_0287
TRI,DIP_2014_0287
COC,DIP_2014_0287
MAA,DIP_2014_0287
MOE,DIP_2014_0287
RDA,DIP_2014_0287
BRA,DIP_2014_0288
POO,DIP_2014_0288
BRA,DIP_2014_0289
POO,DIP_2014_0289
CAO,DIP_2014_0289
LEM,DIP_2014_0291
BRA,DIP_2014_0293
MSH,DIP_2014_0294
SUN,DIP_2014_0297
MOJ,DIP_2014_0299
MAV,DIP_2014_0299
PAN,DIP_2014_0299
MAL,DIP_2014_0300
ARN,DIP_2014_0302
DEV,DIP_2014_0302
PTA,DIP_2014_0302
TUK,DIP_2014_0305
MOJ,DIP_2014_0305
BEC,DIP_2014_0307
MOJ,DIP_2014_0308
WAL,DIP_2014_0310
POO,DIP_2014_0310
BRA,DIP_2014_0313
MSH,DIP_2014_0317
DAM,DIP_2014_0318
SAS,DIP_2014_0320
ANJ,DIP_2014_0323
RDA,DIP_2014_0325
BNO,DIP_2014_0326
WIN,DIP_2014_0328
SAM,DIP_2014_0329
JAC,DIP_2014_0330
SAM,DIP_2014_0331
GIN,DIP_2014_0332
TAM,DIP_2014_0334
OPH,DIP_2014_0335
SUN,DIP_2014_0337
MOJ,DIP_2014_0337
EST,DIP_2014_0339
TIM,DIP_2014_0341
WIN,DIP_2014_0341
SAS,DIP_2014_0341
RAD,DIP_2014_0341
DEP,DIP_2014_0342
JON,DIP_2014_0342
ABS,DIP_2014_0342
DAB,DIP_2014_0343
DOO,DIP_2014_0345
MIT,DIP_2014_0345
MAV,DIP_2014_0348
COC,DIP_2014_0351
GIN,DIP_2014_0354
GUI,DIP_2014_0355
BUC,DIP_2014_0357
DAI,DIP_2014_0359
LIM,DIP_2014_0360
MOJ,DIP_2014_0361
TUK,DIP_2014_0361
BIL,DIP_2014_0362
DEP,DIP_2014_0362
JON,DIP_2014_0362
ABS,DIP_2014_0362
RDA,DIP_2014_0365
ABS,DIP_2014_0365
MAL,DIP_2014_0365
PAT,DIP_2014_0365
PAN,DIP_2014_0365
JON,DIP_2014_0366
ABS,DIP_2014_0366
DEP,DIP_2014_0366
SCT,DIP_2014_0367
HIP,DIP_2014_0368
MAV,DIP_2014_0368
LEM,DIP_2014_0368
BUC,DIP_2014_0370
MOJ,DIP_2014_0370
MOJ,DIP_2014_0371
TUK,DIP_2014_0371
DOO,DIP_2014_0372
MIT,DIP_2014_0372
MAV,DIP_2014_0373
HEA,DIP_2014_0374
BEC,DIP_2014_0376
EMU,DIP_2014_0377
MOJ,DIP_2014_0378
MOE,DIP_2014_0378
JON,DIP_2014_0378
EMU,DIP_2014_0378
ABS,DIP_2014_0378
TRI,DIP_2014_0378
DEP,DIP_2014_0378
TUK,DIP_2014_0378
MAA,DIP_2014_0378
ROG,DIP_2014_0379
BEC,DIP_2014_0379
HEA,DIP_2014_0380
ARN,DIP_2014_0383
ARN,DIP_2014_0385
DEV,DIP_2014_0385
ARN,DIP_2014_0386
PTA,DIP_2014_0386
OPH,DIP_2014_0387
DET,DIP_2014_0387
GIN,DIP_2014_0392
SAM,DIP_2014_0392
SUN,DIP_2014_0393
GUI,DIP_2014_0395
GUI,DIP_2014_0396
BIL,DIP_2014_0396
WAL,DIP_2014_0397
WAL,DIP_2014_0398
DAB,DIP_2014_0398
DOO,DIP_2014_0398
JON,DIP_2014_0399
MAL,DIP_2014_0403
CRT,DIP_2014_0404
WAL,DIP_2014_0405
DOO,DIP_2014_0405
ROG,DIP_2014_0405
POO,DIP_2014_0405
KAN,DIP_2014_0405
DAB,DIP_2014_0405
BEC,DIP_2014_0405
JUL,DIP_2014_0406
SLM,DIP_2014_0407
DEV,DIP_2014_0408
BRA,DIP_2014_0408
DEV,DIP_2014_0409
CAO,DIP_2014_0409
BRA,DIP_2014_0409
PTA,DIP_2014_0410
DEV,DIP_2014_0411
ARN,DIP_2014_0411
MSH,DIP_2014_0412
LIZ,DIP_2014_0413
ANJ,DIP_2014_0414
MAL,DIP_2014_0416
LIE,DIP_2014_0418
BIL,DIP_2014_0423
SUN,DIP_2014_0424
BUC,DIP_2014_0425
DOO,DIP_2014_0426
EST,DIP_2014_0426
MIT,DIP_2014_0426
TIM,DIP_2014_0427
RAD,DIP_2014_0427
SAS,DIP_2014_0427
WIN,DIP_2014_0427
BRA,DIP_2014_0428
DEV,DIP_2014_0428
ARN,DIP_2014_0428
JIM,DIP_2014_0433
DEV,DIP_2014_0436
ARN,DIP_2014_0436
MSH,DIP_2014_0437
JIM,DIP_2014_0438
BEC,DIP_2014_0438
JIM,DIP_2014_0440
DOO,DIP_2014_0441
EST,DIP_2014_0441
WAL,DIP_2014_0441
WIN,DIP_2014_0441
MIT,DIP_2014_0441
DAB,DIP_2014_0441
RAD,DIP_2014_0441
PAN,DIP_2014_0443
HIP,DIP_2014_0445
WAL,DIP_2014_0446
POO,DIP_2014_0446
KAN,DIP_2014_0446
KAH,DIP_2014_0447
LIE,DIP_2014_0447
LGT,DIP_2014_0452
DAM,DIP_2014_0458
LGT,DIP_2014_0459
PTA,DIP_2014_0461
BRA,DIP_2014_0462
CAO,DIP_2014_0462
SAL,DIP_2014_0463
BEC,DIP_2014_0463
SAM,DIP_2014_0465
MOJ,DIP_2014_0466
TRI,DIP_2014_0466
MAA,DIP_2014_0466
PAN,DIP_2014_0467
WIN,DIP_2014_0468
DOO,DIP_2014_0468
EST,DIP_2014_0468
ROG,DIP_2014_0469
KAN,DIP_2014_0469
BEC,DIP_2014_0469
WAL,DIP_2014_0470
POO,DIP_2014_0470
SAL,DIP_2014_0470
JIM,DIP_2014_0471
MAA,DIP_2014_0472
PAN,DIP_2014_0473
IVA,DIP_2014_0477
DAM,DIP_2014_0478
JUL,DIP_2014_0480
MSH,DIP_2014_0481
JIM,DIP_2014_0485
POO,DIP_2014_0485
WAL,DIP_2014_0485
DAB,DIP_2014_0488
MOJ,DIP_2014_0489
TUK,DIP_2014_0490
TRI,DIP_2014_0491
MAA,DIP_2014_0491
MOE,DIP_2014_0491
DGG,DIP_2014_0492
EST,DIP_2014_0493
LGT,DIP_2014_0493
ROG,DIP_2014_0493
KAN,DIP_2014_0493
POO,DIP_2014_0493
DAB,DIP_2014_0493
BEC,DIP_2014_0493
POO,DIP_2014_0495
ARN,DIP_2014_0498
DEV,DIP_2014_0498
BRA,DIP_2014_0499
DEP,DIP_2014_0502
TIM,DIP_2014_0506
SAS,DIP_2014_0506
RAD,DIP_2014_0506
EST,DIP_2014_0507
DOO,DIP_2014_0507
SAL,DIP_2014_0507
TIM,DIP_2014_0509
EST,DIP_2014_0512
DOO,DIP_2014_0512
WAL,DIP_2014_0513
POO,DIP_2014_0513
BCD,DIP_2014_0515
LEM,DIP_2014_0516
DRO,DIP_2014_0518
DEV,DIP_2014_0519
ARN,DIP_2014_0519
ROG,DIP_2015_0001
DEP,DIP_2015_0002
EST,DIP_2015_0003
ROG,DIP_2015_0005
ROG,DIP_2015_0006
KAN,DIP_2015_0006
JIM,DIP_2015_0006
ANN,DIP_2015_0006
SAL,DIP_2015_0006
WIN,DIP_2015_0006
MIT,DIP_2015_0007
ARN,DIP_2015_0008
CAO,DIP_2015_0010
ARN,DIP_2015_0010
DEV,DIP_2015_0010
KAH,DIP_2015_0013
LEM,DIP_2015_0015
TAP,DIP_2015_0015
CUB,DIP_2015_0019
PIN,DIP_2015_0020
JIM,DIP_2015_0021
SUN,DIP_2015_0023
COC,DIP_2015_0024
PAT,DIP_2015_0025
BEN,DIP_2015_0028
CAO,DIP_2015_0029
WIN,DIP_2015_0029
SAL,DIP_2015_0030
BRA,DIP_2015_0031
ANN,DIP_2015_0032
WIN,DIP_2015_0033
KAN,DIP_2015_0033
CAO,DIP_2015_0033
BEC,DIP_2015_0033
POO,DIP_2015_0033
BRA,DIP_2015_0033
DOO,DIP_2015_0035
DAB,DIP_2015_0035
SAL,DIP_2015_0035
SUN,DIP_2015_0036
ROG,DIP_2015_0036
BEC,DIP_2015_0039
MAA,DIP_2015_0042
MOE,DIP_2015_0043
FAJ,DIP_2015_0048
DAI,DIP_2015_0050
PTA,DIP_2015_0052
ESK,DIP_2015_0057
ARN,DIP_2015_0058
DEV,DIP_2015_0058
DGG,DIP_2015_0060
ANN,DIP_2015_0062
WIN,DIP_2015_0063
KAN,DIP_2015_0063
POO,DIP_2015_0063
POO,DIP_2015_0067
KAN,DIP_2015_0067
CAO,DIP_2015_0067
WIN,DIP_2015_0067
BEC,DIP_2015_0068
BRA,DIP_2015_0068
ANJ,DIP_2015_0069
BEC,DIP_2015_0069
BRA,DIP_2015_0069
WIN,DIP_2015_0069
POO,DIP_2015_0069
JUF,DIP_2015_0070
DUN,DIP_2015_0071
MSH,DIP_2015_0072
RDA,DIP_2015_0073
DEP,DIP_2015_0075
JON,DIP_2015_0075
SUN,DIP_2015_0075
ABS,DIP_2015_0075
MAA,DIP_2015_0076
BRA,DIP_2015_0081
DEV,DIP_2015_0082
CAO,DIP_2015_0082
ARN,DIP_2015_0083
DUN,DIP_2015_0085
LIM,DIP_2015_0089
DEP,DIP_2015_0091
JON,DIP_2015_0091
SUN,DIP_2015_0091
ABS,DIP_2015_0091
EST,DIP_2015_0095
DOO,DIP_2015_0095
FAJ,DIP_2015_0096
PAN,DIP_2015_0097
CRT,DIP_2015_0098
KAH,DIP_2015_0099
LIM,DIP_2015_0102
KAH,DIP_2015_0103
CAO,DIP_2015_0106
BRA,DIP_2015_0107
GRE,DIP_2015_0107
BRA,DIP_2015_0108
DGG,DIP_2015_0111
TRI,DIP_2015_0112
BIL,DIP_2015_0113
TEQ,DIP_2015_0113
RDA,DIP_2015_0114
FAJ,DIP_2015_0115
BUC,DIP_2015_0121
BUC,DIP_2015_0122
RDA,DIP_2015_0124
KAN,DIP_2015_0125
WIN,DIP_2015_0125
DUN,DIP_2015_0129
TAM,DIP_2015_0131
RAD,DIP_2015_0131
SAS,DIP_2015_0131
DET,DIP_2015_0131
SHR,DIP_2015_0131
TIM,DIP_2015_0131
MAV,DIP_2015_0132
PAN,DIP_2015_0133
PAN,DIP_2015_0134
MOE,DIP_2015_0135
TRI,DIP_2015_0135
RDA,DIP_2015_0135
SCT,DIP_2015_0135
ATI,DIP_2015_0135
COC,DIP_2015_0135
BIL,DIP_2015_0135
IVA,DIP_2015_0135
MAA,DIP_2015_0135
JIM,DIP_2015_0136
WIN,DIP_2015_0138
KAN,DIP_2015_0138
SAL,DIP_2015_0138
POO,DIP_2015_0138
BNO,DIP_2015_0139
COC,DIP_2015_0139
DEP,DIP_2015_0140
ABS,DIP_2015_0140
TRI,DIP_2015_0140
JON,DIP_2015_0140
ATI,DIP_2015_0140
BIL,DIP_2015_0140
IVA,DIP_2015_0140
MAA,DIP_2015_0140
EMU,DIP_2015_0140
MAA,DIP_2015_0141
MOE,DIP_2015_0141
TRI,DIP_2015_0141
ABS,DIP_2015_0142
MAA,DIP_2015_0142
DEP,DIP_2015_0142
BNO,DIP_2015_0142
EMU,DIP_2015_0142
JON,DIP_2015_0142
JIM,DIP_2015_0143
SAL,DIP_2015_0144
DAB,DIP_2015_0145
MIT,DIP_2015_0145
MSH,DIP_2015_0145
RAD,DIP_2015_0146
SAS,DIP_2015_0146
EST,DIP_2015_0146
DOO,DIP_2015_0146
PTA,DIP_2015_0146
DAB,DIP_2015_0146
MIT,DIP_2015_0146
TIM,DIP_2015_0146
TAM,DIP_2015_0149
RAD,DIP_2015_0151
DAB,DIP_2015_0151
MIT,DIP_2015_0151
SHR,DIP_2015_0151
DEV,DIP_2015_0152
ARN,DIP_2015_0152
ANJ,DIP_2015_0153
KAH,DIP_2015_0154
HEA,DIP_2015_0156
TAP,DIP_2015_0157
MAL,DIP_2015_0158
MAL,DIP_2015_0159
PIN,DIP_2015_0159
BCD,DIP_2015_0165
BEN,DIP_2015_0166
HEA,DIP_2015_0166
CUB,DIP_2015_0167
TAP,DIP_2015_0169
DAI,DIP_2015_0172
MAV,DIP_2015_0173
LEM,DIP_2015_0173
PAN,DIP_2015_0173
LIM,DIP_2015_0177
RDA,DIP_2015_0178
MAV,DIP_2015_0180
SCT,DIP_2015_0181
ANJ,DIP_2015_0182
DAM,DIP_2015_0182
ANJ,DIP_2015_0183
DAM,DIP_2015_0184
BRA,DIP_2015_0184
DUN,DIP_2015_0186
SCT,DIP_2015_0192
IVA,DIP_2015_0192
DAI,DIP_2015_0192
GMP,DIP_2015_0193
BRA,DIP_2015_0193
RAD,DIP_2015_0193
DGG,DIP_2015_0194
ANJ,DIP_2015_0195
JUL,DIP_2015_0195
ABS,DIP_2015_0196
EMU,DIP_2015_0197
MAA,DIP_2015_0197
MOE,DIP_2015_0197
TRI,DIP_2015_0197
ANJ,DIP_2015_0199
KAN,DIP_2015_0200
POO,DIP_2015_0200
SAL,DIP_2015_0200
WIN,DIP_2015_0200
WAL,DIP_2015_0200
TAM,DIP_2015_0201
BRA,DIP_2015_0201
ARN,DIP_2015_0201
MSH,DIP_2015_0203
DUN,DIP_2015_0205
MSH,DIP_2015_0207
BUC,DIP_2015_0210
DAI,DIP_2015_0212
TRI,DIP_2015_0214
MAA,DIP_2015_0215
JON,DIP_2015_0216
RDA,DIP_2015_0218
MAV,DIP_2015_0219
PAN,DIP_2015_0219
SUN,DIP_2015_0220
SUN,DIP_2015_0227
FAJ,DIP_2015_0231
EST,DIP_2015_0232
BEC,DIP_2015_0233
PAN,DIP_2015_0234
BEC,DIP_2015_0234
BRA,DIP_2015_0234
WIN,DIP_2015_0234
KAN,DIP_2015_0234
POO,DIP_2015_0234
WAL,DIP_2015_0234
LGT,DIP_2015_0235
EST,DIP_2015_0237
EST,DIP_2015_0238
DOO,DIP_2015_0238
BUC,DIP_2015_0244
PAT,DIP_2015_0245
LIM,DIP_2015_0247
DEV,DIP_2015_0250
BRA,DIP_2015_0250
GRE,DIP_2015_0250
MSH,DIP_2015_0250
WIN,DIP_2015_0252
KAN,DIP_2015_0252
WAL,DIP_2015_0252
DGG,DIP_2015_0252
DEV,DIP_2015_0252
ARN,DIP_2015_0252
RDA,DIP_2015_0253
PAT,DIP_2015_0253
ROG,DIP_2015_0254
BEC,DIP_2015_0254
DUN,DIP_2015_0259
DAL,DIP_2015_0260
PAN,DIP_2015_0262
RDA,DIP_2015_0263
RDA,DIP_2015_0264
PAT,DIP_2015_0265
PAT,DIP_2015_0266
SUN,DIP_2015_0267
MOJ,DIP_2015_0267
MAV,DIP_2015_0267
RDA,DIP_2015_0268
SUN,DIP_2015_0271
EST,DIP_2015_0272
SAM,DIP_2015_0277
GUI,DIP_2015_0278
MOJ,DIP_2015_0280
SUN,DIP_2015_0283
SAM,DIP_2015_0290
SAM,DIP_2015_0291
ROG,DIP_2015_0294
BNN,DIP_2015_0295
TIM,DIP_2015_0298
BRA,DIP_2015_0298
CAO,DIP_2015_0298
JUF,DIP_2015_0298
OPH,DIP_2015_0298
DEV,DIP_2015_0298
ARN,DIP_2015_0298
TAM,DIP_2015_0298
PUN,DIP_2015_0299
PAN,DIP_2015_0299
MOJ,DIP_2015_0301
FAJ,DIP_2015_0304
ATI,DIP_2015_0306
IVA,DIP_2015_0306
SCT,DIP_2015_0306
MAA,DIP_2015_0307
MOE,DIP_2015_0307
JUL,DIP_2015_0311
DGG,DIP_2015_0312
DGG,DIP_2015_0313
WIN,DIP_2015_0314
WAL,DIP_2015_0314
EST,DIP_2015_0315
BIL,DIP_2015_0318
MAV,DIP_2015_0320
SCT,DIP_2015_0321
ATI,DIP_2015_0322
DEP,DIP_2015_0324
BUC,DIP_2015_0328
JIM,DIP_2015_0330
EST,DIP_2015_0331
IVA,DIP_2015_0338
DEV,DIP_2015_0339
PAN,DIP_2015_0345
JON,DIP_2015_0346
ABS,DIP_2015_0346
DEP,DIP_2015_0346
FAJ,DIP_2015_0347
PAT,DIP_2015_0348
PAT,DIP_2015_0350
MOJ,DIP_2015_0355
BIL,DIP_2015_0356
RDA,DIP_2015_0356
DAI,DIP_2015_0361
DAI,DIP_2015_0363
SCT,DIP_2015_0365
ATI,DIP_2015_0366
BUC,DIP_2015_0367
DGG,DIP_2015_0368
BEC,DIP_2015_0369
ROG,DIP_2015_0369
EST,DIP_2015_0370
EST,DIP_2015_0374
MAV,DIP_2015_0374
MAV,DIP_2015_0375
LIM,DIP_2015_0376
BRA,DIP_2015_0378
MSH,DIP_2015_0378
DGG,DIP_2015_0378
BRA,DIP_2015_0380
BRA,DIP_2015_0381
MSH,DIP_2015_0381
GRE,DIP_2015_0383
KAN,DIP_2015_0384
POO,DIP_2015_0384
MIT,DIP_2015_0384
DAB,DIP_2015_0384
DOO,DIP_2015_0384
TAM,DIP_2015_0386
DEV,DIP_2015_0387
BAQ,DIP_2015_0390
OPH,DIP_2015_0390
TIM,DIP_2015_0391
SAS,DIP_2015_0391
SHR,DIP_2015_0391
RAD,DIP_2015_0391
EST,DIP_2015_0391
DEV,DIP_2015_0394
ROG,DIP_2015_0396
MIT,DIP_2015_0397
ROG,DIP_2015_0397
SUN,DIP_2015_0399
SUN,DIP_2015_0400
MOJ,DIP_2015_0401
MOJ,DIP_2015_0402
GUI,DIP_2015_0403
HEA,DIP_2015_0404
BEN,DIP_2015_0405
LIM,DIP_2015_0407
LIZ,DIP_2015_0408
DGG,DIP_2015_0410
GRE,DIP_2015_0410
KAN,DIP_2015_0411
POO,DIP_2015_0411
WIN,DIP_2015_0411
EST,DIP_2015_0411
DOO,DIP_2015_0411
MOJ,DIP_2015_0412
DGG,DIP_2015_0413
KAH,DIP_2015_0414
BEN,DIP_2015_0415
GMP,DIP_2015_0415
EST,DIP_2015_0416
DOO,DIP_2015_0416
KAN,DIP_2015_0416
SUN,DIP_2015_0417
DGG,DIP_2015_0419
BEC,DIP_2015_0419
ARN,DIP_2015_0420
ARN,DIP_2015_0421
BRA,DIP_2015_0425
JUF,DIP_2015_0425
MAV,DIP_2015_0427
BEC,DIP_2015_0427
POO,DIP_2015_0429
WIN,DIP_2015_0429
WAL,DIP_2015_0429
OPH,DIP_2015_0430
ESK,DIP_2015_0431
DET,DIP_2015_0431
MIT,DIP_2015_0433
KAN,DIP_2015_0433
EST,DIP_2015_0433
DAB,DIP_2015_0433
DOO,DIP_2015_0433
TIM,DIP_2015_0434
ARN,DIP_2015_0435
DGG,DIP_2015_0436
HIP,DIP_2015_0437
JIM,DIP_2015_0438
ANN,DIP_2015_0438
SUN,DIP_2015_0440
LEM,DIP_2015_0442
DGG,DIP_2015_0443
ARN,DIP_2015_0444
DEV,DIP_2015_0444
MSH,DIP_2015_0445
LIM,DIP_2015_0446
MAV,DIP_2015_0446
EST,DIP_2015_0449
ROG,DIP_2015_0450
BEC,DIP_2015_0451
EST,DIP_2015_0453
PAN,DIP_2015_0455
EST,DIP_2015_0457
FAJ,DIP_2015_0459
SUN,DIP_2015_0461
IVA,DIP_2015_0468
LEM,DIP_2015_0469
LIM,DIP_2015_0469
MAL,DIP_2015_0470
WIN,DIP_2015_0473
DEV,DIP_2015_0473
RAD,DIP_2015_0473
KAN,DIP_2015_0473
TIM,DIP_2015_0473
DEV,DIP_2015_0474
POO,DIP_2015_0475
WIN,DIP_2015_0475
RAD,DIP_2015_0475
KAN,DIP_2015_0475
TIM,DIP_2015_0475
ARN,DIP_2015_0477
DEV,DIP_2015_0477
SLM,DIP_2015_0481
MSH,DIP_2015_0482
SLM,DIP_2015_0485
ROG,DIP_2015_0486
EMU,DIP_2015_0486
FAJ,DIP_2015_0487
ROG,DIP_2015_0489
SUN,DIP_2015_0490
POO,DIP_2015_0491
WAL,DIP_2015_0491
SAL,DIP_2015_0492
WIN,DIP_2015_0494
BRA,DIP_2015_0494
WAL,DIP_2015_0494
WIN,DIP_2015_0495
GRE,DIP_2015_0495
GRE,DIP_2015_0496
POO,DIP_2015_0496
WAL,DIP_2015_0496
RAD,DIP_2015_0497
SAS,DIP_2015_0497
GRE,DIP_2015_0497
WIN,DIP_2015_0497
KAN,DIP_2015_0497
POO,DIP_2015_0497
TIM,DIP_2015_0497
WAL,DIP_2015_0497
SAS,DIP_2015_0498
WIN,DIP_2015_0498
KAN,DIP_2015_0498
POO,DIP_2015_0498
RAD,DIP_2015_0498
SAM,DIP_2015_0499
JON,DIP_2015_0500
MOE,DIP_2015_0500
ABS,DIP_2015_0500
TRI,DIP_2015_0500
DEP,DIP_2015_0500
MAA,DIP_2015_0500
BNO,DIP_2015_0501
COC,DIP_2015_0501
BIL,DIP_2015_0501
EST,DIP_2015_0502
SAM,DIP_2015_0504
MOJ,DIP_2015_0505
PAN,DIP_2015_0506
MAV,DIP_2015_0507
DAI,DIP_2015_0508
BRA,DIP_2015_0511
SIL,DIP_2015_0514
DOO,DIP_2015_0515
EST,DIP_2015_0516
MAV,DIP_2015_0517
PAN,DIP_2015_0517
SCT,DIP_2015_0518
ATI,DIP_2015_0518
IVA,DIP_2015_0519
DET,DIP_2015_0523
ESK,DIP_2015_0524
PTA,DIP_2015_0525
DOO,DIP_2015_0526
EST,DIP_2015_0526
BEC,DIP_2015_0527
EST,DIP_2015_0527
DOO,DIP_2015_0527
WAL,DIP_2015_0527
BRA,DIP_2015_0527
DGG,DIP_2015_0528
SAM,DIP_2015_0529
SIL,DIP_2015_0530
POO,DIP_2015_0534
WAL,DIP_2015_0534
WIN,DIP_2015_0534
DOO,DIP_2015_0534
BRA,DIP_2015_0535
ARN,DIP_2015_0535
BRA,DIP_2015_0536
CAO,DIP_2015_0536
WAL,DIP_2015_0536
POO,DIP_2015_0536
DEV,DIP_2015_0536
ARN,DIP_2015_0536
WIN,DIP_2015_0536
CAO,DIP_2015_0537
GUI,DIP_2015_0539
BNO,DIP_2015_0541
COC,DIP_2015_0542
SCT,DIP_2015_0542
PIN,DIP_2015_0544
IVA,DIP_2015_0545
BRA,DIP_2015_0546
MIT,DIP_2015_0547
DOO,DIP_2015_0547
WAL,DIP_2015_0547
POO,DIP_2015_0547
SAL,DIP_2015_0548
ANN,DIP_2015_0548
SLM,DIP_2015_0549
SUN,DIP_2015_0552
SAL,DIP_2015_0553
ANN,DIP_2015_0553
BEC,DIP_2015_0553
RAD,DIP_2015_0555
TIM,DIP_2015_0555
SAS,DIP_2015_0555
SLM,DIP_2015_0556
SLM,DIP_2015_0557
WIN,DIP_2015_0558
DAM,DIP_2015_0558
BEC,DIP_2015_0558
KAN,DIP_2015_0558
JUF,DIP_2015_0560
DAM,DIP_2015_0561
KAH,DIP_2015_0562
LIE,DIP_2015_0562
FAJ,DIP_2015_0564
TEQ,DIP_2015_0565
GUI,DIP_2015_0566
PAN,DIP_2015_0567
MAV,DIP_2015_0570
TAM,DIP_2015_0574
BNN,DIP_2015_0576
BNN,DIP_2015_0577
DUN,DIP_2015_0577
DAM,DIP_2015_0579
JUF,DIP_2015_0579
BNN,DIP_2015_0580
DUN,DIP_2015_0582
TAM,DIP_2015_0583
CAO,DIP_2015_0583
WAL,DIP_2015_0583
KAN,DIP_2015_0583
BRA,DIP_2015_0583
DEV,DIP_2015_0584
ARN,DIP_2015_0584
MAL,DIP_2015_0585
LIE,DIP_2015_0586
KAH,DIP_2015_0588
BCD,DIP_2015_0588
TIM,DIP_2015_0592
BRA,DIP_2015_0593
LIM,DIP_2015_0594
VIN,DIP_2015_0597
MAL,DIP_2015_0599
BIL,DIP_2015_0601
RDA,DIP_2015_0603
FAJ,DIP_2015_0604
BEC,DIP_2015_0605
ROG,DIP_2015_0605
SCT,DIP_2015_0605
ATI,DIP_2015_0605
IVA,DIP_2015_0605
EMU,DIP_2015_0605
TAP,DIP_2015_0608
PIN,DIP_2015_0609
TAP,DIP_2015_0610
PAT,DIP_2015_0611
BRA,DIP_2015_0613
CAO,DIP_2015_0613
DGG,DIP_2015_0614
ARN,DIP_2015_0614
DET,DIP_2015_0617
GMP,DIP_2015_0619
MAV,DIP_2015_0620
MAV,DIP_2015_0621
JUF,DIP_2016_0005
OPH,DIP_2016_0006
SAL,DIP_2016_0008
ANN,DIP_2016_0008
SUN,DIP_2016_0010
MOJ,DIP_2016_0011
ANN,DIP_2016_0012
WAL,DIP_2016_0013
POO,DIP_2016_0013
ARN,DIP_2016_0015
TIM,DIP_2016_0017
SAS,DIP_2016_0017
DOO,DIP_2016_0018
KAN,DIP_2016_0020
ANN,DIP_2016_0021
WAL,DIP_2016_0023
POO,DIP_2016_0023
BEC,DIP_2016_0023
WAL,DIP_2016_0024
BEC,DIP_2016_0024
TIM,DIP_2016_0025
SAS,DIP_2016_0025
JUL,DIP_2016_0029
SLM,DIP_2016_0031
ANJ,DIP_2016_0033
DEV,DIP_2016_0033
ESK,DIP_2016_0036
LIZ,DIP_2016_0041
PIN,DIP_2016_0043
IVA,DIP_2016_0044
LIM,DIP_2016_0046
SAS,DIP_2016_0047
CAO,DIP_2016_0048
DAB,DIP_2016_0048
SHR,DIP_2016_0048
RAD,DIP_2016_0048
MIT,DIP_2016_0048
PAN,DIP_2016_0049
OPH,DIP_2016_0050
JUF,DIP_2016_0050
DAM,DIP_2016_0050
SUN,DIP_2016_0052
MSH,DIP_2016_0054
PAT,DIP_2016_0056
PAN,DIP_2016_0056
WAL,DIP_2016_0058
POO,DIP_2016_0058
ANN,DIP_2016_0060
SAL,DIP_2016_0060
SUN,DIP_2016_0061
BIL,DIP_2016_0062
GUI,DIP_2016_0063
MOJ,DIP_2016_0064
SAL,DIP_2016_0067
SUN,DIP_2016_0068
LIM,DIP_2016_0069
BUC,DIP_2016_0069
CRT,DIP_2016_0070
SCT,DIP_2016_0073
SAS,DIP_2016_0074
ANJ,dip_2016_0076
BRA,DIP_2016_0077
MAL,DIP_2016_0078
PIN,DIP_2016_0078
JIM,DIP_2016_0079
MOJ,DIP_2016_0081
DAI,DIP_2016_0083
CAO,DIP_2016_0085
DEV,DIP_2016_0086
ANJ,DIP_2016_0086
SLM,DIP_2016_0088
GRE,DIP_2016_0089
ANN,DIP_2016_0090
SAS,DIP_2016_0092
PTA,DIP_2016_0094
DET,DIP_2016_0094
DAM,DIP_2016_0097
JUF,DIP_2016_0097
MAL,DIP_2016_0101
DEV,DIP_2016_0102
MSH,DIP_2016_0102
SUN,DIP_2016_0105
PTA,DIP_2016_0109
SLM,DIP_2016_0110
JUF,DIP_2016_0111
DAM,DIP_2016_0111
LGT,DIP_2016_0111
JUF,DIP_2016_0115
ROG,DIP_2016_0117
BEC,DIP_2016_0118
ANJ,DIP_2016_0120
SUN,DIP_2016_0124
DOO,DIP_2016_0126
EST,DIP_2016_0126
MIT,DIP_2016_0126
WAL,DIP_2016_0127
BEC,DIP_2016_0127
EMU,DIP_2016_0128
BUC,DIP_2016_0129
SIL,DIP_2016_0130
PAT,DIP_2016_0132
PAN,DIP_2016_0132
SUN,DIP_2016_0133
BIL,DIP_2016_0137
BIL,DIP_2016_0138
ATI,dip_2016_0141
BEC,DIP_2016_0142
CAO,DIP_2016_0143
DEV,DIP_2016_0143
ARN,DIP_2016_0143
ARN,DIP_2016_0145
SLM,DIP_2016_0146
PAN,DIP_2016_0150
RDA,DIP_2016_0150
PAT,DIP_2016_0150
KAN,DIP_2016_0151
WAL,DIP_2016_0151
POO,DIP_2016_0151
EST,DIP_2016_0152
LGT,DIP_2016_0153
ARN,DIP_2016_0155
PTA,DIP_2016_0156
MSH,DIP_2016_0157
POO,DIP_2016_0158
TIM,DIP_2016_0158
WIN,DIP_2016_0158
SAS,DIP_2016_0159
OPH,DIP_2016_0159
ESK,DIP_2016_0161
EST,DIP_2016_0164
DOO,DIP_2016_0164
DAB,DIP_2016_0164
MIT,DIP_2016_0164
SHR,DIP_2016_0164
LGT,DIP_2016_0165
ARN,DIP_2016_0165
PTA,DIP_2016_0166
LGT,DIP_2016_0166
BAQ,DIP_2016_0169
BAQ,DIP_2016_0170
PTA,DIP_2016_0177
PTA,DIP_2016_0178
DUN,DIP_2016_0179
ARN,DIP_2016_0181
OPH,DIP_2016_0181
ARN,DIP_2016_0182
OPH,DIP_2016_0182
RAD,DIP_2016_0182
DAB,DIP_2016_0183
DOO,DIP_2016_0184
MIT,DIP_2016_0184
DAB,DIP_2016_0184
EST,DIP_2016_0184
LGT,DIP_2016_0184
RAD,DIP_2016_0184
TAM,DIP_2016_0187
SHR,DIP_2016_0190
SAS,DIP_2016_0192
PTA,DIP_2016_0193
SAS,DIP_2016_0194
OPH,DIP_2016_0194
DET,DIP_2016_0194
LGT,DIP_2016_0195
DAB,DIP_2016_0195
DOO,DIP_2016_0195
EST,DIP_2016_0195
RAD,DIP_2016_0195
MIT,DIP_2016_0195
BEC,DIP_2016_0196
KAN,DIP_2016_0196
CAO,DIP_2016_0196
WAL,DIP_2016_0196
BRA,DIP_2016_0196
PTA,DIP_2016_0198
DUN,DIP_2016_0199
DAM,DIP_2016_0200
JUF,DIP_2016_0200
SLM,DIP_2016_0200
MIT,DIP_2016_0203
EST,DIP_2016_0203
LGT,DIP_2016_0203
RAD,DIP_2016_0203
LGT,DIP_2016_0204
DOO,DIP_2016_0204
RAD,DIP_2016_0204
BAQ,DIP_2016_0204
MIT,DIP_2016_0204
EST,DIP_2016_0206
DOO,DIP_2016_0206
DAB,DIP_2016_0206
BAQ,DIP_2016_0206
RAD,DIP_2016_0206
DET,DIP_2016_0207
SHR,DIP_2016_0209
JUL,DIP_2016_0211
PAT,DIP_2016_0213
RDA,DIP_2016_0213
MOJ,DIP_2016_0214
BEC,DIP_2016_0215
MSH,DIP_2016_0215
WAL,DIP_2016_0216
KAN,DIP_2016_0216
DEV,DIP_2016_0216
WIN,DIP_2016_0216
CAO,DIP_2016_0216
PTA,DIP_2016_0217
DRO,DIP_2016_0218
BAQ,DIP_2016_0222
SHR,DIP_2016_0222
MSH,DIP_2016_0228
BEC,DIP_2016_0228
WAL,DIP_2016_0228
TIM,DIP_2016_0228
POO,DIP_2016_0228
WIN,DIP_2016_0228
OPH,DIP_2016_0230
MSH,DIP_2016_0230
TIM,DIP_2016_0233
SAS,DIP_2016_0234
ANJ,DIP_2016_0235
MOJ,DIP_2016_0237
FAJ,DIP_2016_0239
ANN,DIP_2016_0243
PAN,DIP_2016_0247
BIL,DIP_2016_0249
DET,DIP_2016_0251
SHR,DIP_2016_0254
BAQ,DIP_2016_0254
DUN,DIP_2016_0256
PTA,DIP_2016_0258
SAS,DIP_2016_0260
RAD,DIP_2016_0260
TAM,DIP_2016_0260
TIM,DIP_2016_0260
ESK,DIP_2016_0261
SAS,DIP_2016_0262
DAM,DIP_2016_0262
RAD,DIP_2016_0262
JUF,DIP_2016_0262
TIM,DIP_2016_0262
TAM,DIP_2016_0263
EST,DIP_2016_0268
KAN,DIP_2016_0270
BRA,DIP_2016_0270
WAL,DIP_2016_0270
POO,DIP_2016_0270
DUN,DIP_2016_0272
ESK,DIP_2016_0274
WHI,DIP_2016_0280
LEM,DIP_2016_0281
LIM,DIP_2016_0281
MAV,Dip_2016_0282
PTA,DIP_2016_0283
RAD,DIP_2016_0286
SHR,DIP_2016_0286
BAQ,DIP_2016_0286
DOO,DIP_2016_0286
MIT,DIP_2016_0286
PAN,DIP_2016_0290
FAJ,DIP_2016_0292
GUI,DIP_2016_0293
SIL,DIP_2016_0294
BEC,DIP_2016_0295
CAO,DIP_2016_0295
WIN,DIP_2016_0295
SHR,DIP_2016_0301
OPH,DIP_2016_0302
TAM,DIP_2016_0302
TAM,DIP_2016_0303
ANN,DIP_2016_0304
SAL,DIP_2016_0304
MSH,DIP_2016_0305
DAB,DIP_2016_0307
EST,DIP_2016_0307
DOO,DIP_2016_0307
BEC,DIP_2016_0307
MIT,DIP_2016_0307
WAL,DIP_2016_0308
DAB,DIP_2016_0308
POO,DIP_2016_0308
BEC,DIP_2016_0308
MIT,DIP_2016_0308
BNN,DIP_2016_0309
BRA,DIP_2016_0311
CAO,DIP_2016_0311
ARN,DIP_2016_0311
DEV,DIP_2016_0311
DUN,DIP_2016_0316
PTA,DIP_2016_0317
ESK,DIP_2016_0319
TRI,DIP_2016_0324
TRI,DIP_2016_0325
PAN,DIP_2016_0325
MAA,DIP_2016_0325
MOE,DIP_2016_0325
RDA,DIP_2016_0326
POO,DIP_2016_0327
KAN,DIP_2016_0327
ARN,DIP_2016_0328
DEV,DIP_2016_0328
SLM,DIP_2016_0329
MSH,DIP_2016_0330
BNN,DIP_2016_0333
GMP,DIP_2016_0338
MOJ,DIP_2016_0339
CUB,DIP_2016_0340
SIL,DIP_2016_0341
BIL,DIP_2016_0342
JON,DIP_2016_0344
DEP,DIP_2016_0344
ABS,DIP_2016_0344
PAN,DIP_2016_0344
RDA,DIP_2016_0344
MAA,DIP_2016_0344
PAT,DIP_2016_0344
GIN,DIP_2016_0349
DEP,DIP_2016_0351
ABS,DIP_2016_0352
MAL,DIP_2016_0354
KAH,DIP_2016_0354
SLM,DIP_2016_0356
SAL,DIP_2016_0363
MSH,DIP_2016_0363
MSH,DIP_2016_0364
GMP,DIP_2016_0364
SUN,DIP_2016_0365
MOJ,DIP_2016_0365
PAN,DIP_2016_0366
MOJ,DIP_2016_0366
BUC,DIP_2016_0367
FAJ,DIP_2016_0368
LIE,DIP_2016_0369
HEA,DIP_2016_0372
LIM,DIP_2016_0372
CRT,DIP_2016_0373
LGT,DIP_2016_0374
DUN,DIP_2016_0379
PAT,DIP_2016_0380
PAT,DIP_2016_0381
RDA,DIP_2016_0381
PAN,DIP_2016_0381
POO,DIP_2016_0383
WAL,DIP_2016_0383
DEV,DIP_2016_0383
BRA,DIP_2016_0383
POO,DIP_2016_0384
WAL,DIP_2016_0384
WIN,DIP_2016_0384
LGT,DIP_2016_0385
TAM,DIP_2016_0386
LIE,DIP_2016_0387
BRA,DIP_2016_0388
KAN,DIP_2016_0388
DEV,DIP_2016_0388
CAO,DIP_2016_0388
WAL,DIP_2016_0388
WIN,DIP_2016_0388
ARN,DIP_2016_0388
POO,DIP_2016_0388
ARN,DIP_2016_0389
DEV,DIP_2016_0389
WIN,DIP_2016_0389
POO,DIP_2016_0389
CAO,DIP_2016_0390
ARN,DIP_2016_0390
JUL,DIP_2016_0390
BEC,DIP_2016_0391
LGT,DIP_2016_0394
DEV,DIP_2016_0396
BEC,DIP_2016_0398
CAO,DIP_2016_0401
DUN,DIP_2016_0402
SAL,DIP_2016_0403
SAS,DIP_2016_0405
RAD,DIP_2016_0405
TIM,DIP_2016_0405
BAQ,DIP_2016_0405
ESK,DIP_2016_0406
DUN,DIP_2016_0407
JUL,DIP_2016_0412
GRE,DIP_2016_0412
DUN,DIP_2016_0415
OPH,DIP_2016_0417
PTA,DIP_2016_0418
DAB,DIP_2016_0421
EST,DIP_2016_0421
SLM,DIP_2016_0422
DAB,DIP_2016_0422
SUN,DIP_2016_0423
PAN,DIP_2016_0426
MOE,DIP_2016_0427
MOE,DIP_2016_0428
MAA,DIP_2016_0428
BUC,DIP_2016_0429
DEV,DIP_2016_0432
CAO,DIP_2016_0432
TAM,DIP_2016_0432
MSH,DIP_2016_0433
BRA,DIP_2016_0433
DRO,DIP_2016_0436
BNN,DIP_2016_0437
ANJ,DIP_2016_0440
CAO,DIP_2016_0444
BRA,DIP_2016_0444
GMP,DIP_2016_0445
POO,DIP_2016_0446
BNN,DIP_2016_0451
DUN,DIP_2016_0453
BEC,DIP_2016_0454
CAO,DIP_2016_0454
KAN,DIP_2016_0454
WIN,DIP_2016_0454
DOO,DIP_2016_0458
DAB,DIP_2016_0458
LGT,DIP_2016_0460
RDA,DIP_2016_0467
MOJ,DIP_2016_0469
BNO,DIP_2016_0471
MOJ,DIP_2016_0472
MOE,DIP_2016_0473
TRI,DIP_2016_0473
MAA,DIP_2016_0473
EMU,DIP_2016_0473
RDA,DIP_2016_0474
PAT,DIP_2016_0474
BNO,DIP_2016_0475
COC,DIP_2016_0476
CRT,DIP_2016_0477
SIL,DIP_2016_0479
RDA,DIP_2016_0479
COC,DIP_2016_0479
OPH,DIP_2016_0480
PTA,DIP_2016_0480
EST,DIP_2016_0481
TAP,DIP_2016_0483
IVA,DIP_2016_0484
LIE,DIP_2016_0485
RDA,DIP_2016_0486
WIN,DIP_2017_0002
LGT,DIP_2017_0003
ESK,DIP_2017_0004
EST,DIP_2017_0005
PTA,DIP_2017_0006
TIM,DIP_2017_0007
CAO,DIP_2017_0009
WAL,DIP_2017_0009
BRA,DIP_2017_0009
POO,DIP_2017_0009
BAQ,DIP_2017_0016
EST,DIP_2017_0017
DOO,DIP_2017_0017
ESK,DIP_2017_0021
DAB,DIP_2017_0022
EST,DIP_2017_0022
PTA,DIP_2017_0022
RAD,DIP_2017_0022
DOO,DIP_2017_0022
MIT,DIP_2017_0022
TAM,DIP_2017_0024
SHR,DIP_2017_0025
DAI,DIP_2017_0026
BEN,DIP_2017_0029
EST,DIP_2017_0035
CAO,DIP_2017_0037
BRA,DIP_2017_0037
POO,DIP_2017_0037
CAO,DIP_2017_0038
POO,DIP_2017_0038
BRA,DIP_2017_0038
SAS,DIP_2017_0039
RAD,DIP_2017_0040
POO,DIP_2017_0040
TIM,DIP_2017_0040
KAN,DIP_2017_0040
CAO,DIP_2017_0040
WAL,DIP_2017_0040
ANN,DIP_2017_0041
ESK,DIP_2017_0042
DUN,DIP_2017_0043
OPH,DIP_2017_0044
BEC,DIP_2017_0049
JUF,DIP_2017_0050
MAL,DIP_2017_0051
RDA,DIP_2017_0051
HEA,DIP_2017_0052
ANN,DIP_2017_0054
DAB,DIP_2017_0055
DAB,DIP_2017_0056
SAL,DIP_2017_0057
TAM,DIP_2017_0059
WAL,DIP_2017_0062
KAN,DIP_2017_0062
BRA,DIP_2017_0062
POO,DIP_2017_0062
BEC,DIP_2017_0062
LEM,DIP_2017_0063
LIM,DIP_2017_0063
DAI,DIP_2017_0064
SHR,DIP_2017_0066
ATI,DIP_2017_0068
PIN,DIP_2017_0069
MAV,DIP_2017_0074
SIL,DIP_2017_0075
ESK,DIP_2017_0079
SHR,DIP_2017_0080
BAQ,DIP_2017_0080
SUN,DIP_2017_0081
SCT,DIP_2017_0082
DEV,DIP_2017_0084
SUN,DIP_2017_0085
DUN,DIP_2017_0086
SLM,DIP_2017_0087
BRA,DIP_2017_0088
CAO,DIP_2017_0088
DEV,DIP_2017_0089
MSH,DIP_2017_0089
BRA,DIP_2017_0089
CAO,DIP_2017_0089
SLM,DIP_2017_0089
ARN,DIP_2017_0091
DEV,DIP_2017_0091
MSH,DIP_2017_0091
BEC,DIP_2017_0091
BRA,DIP_2017_0091
POO,DIP_2017_0091
KAN,DIP_2017_0091
WAL,DIP_2017_0091
SAS,DIP_2017_0092
WAL,DIP_2017_0093
BRA,DIP_2017_0093
POO,DIP_2017_0093
WIN,DIP_2017_0093
MSH,DIP_2017_0093
BEC,DIP_2017_0093
BUC,DIP_2017_0094
SAL,DIP_2017_0096
GUI,DIP_2017_0101
PAT,DIP_2017_0101
WIN,DIP_2017_0103
BEC,DIP_2017_0103
ESK,DIP_2017_0104
RAD,DIP_2017_0107
DOO,DIP_2017_0107
MIT,DIP_2017_0107
ESK,DIP_2017_0110
BEC,DIP_2017_0112
WIN,DIP_2017_0112
TAM,DIP_2017_0114
ANN,DIP_2017_0115
SAL,DIP_2017_0117
SUN,DIP_2017_0119
BIL,DIP_2017_0121
LEM,DIP_2017_0123
SCT,DIP_2017_0125
BNN,DIP_2017_0126
JUL,DIP_2017_0126
KAN,DIP_2017_0126
ANJ,DIP_2017_0126
DEV,DIP_2017_0127
ARN,DIP_2017_0128
ARN,DIP_2017_0130
BEC,DIP_2017_0130
DEV,DIP_2017_0130
HEA,DIP_2017_0132
LEM,DIP_2017_0132
PIN,DIP_2017_0133
SUN,DIP_2017_0135
PAN,DIP_2017_0136
POO,DIP_2017_0136
SIL,DIP_2017_0140
DAI,DIP_2017_0141
COC,DIP_2017_0142
PIN,DIP_2017_0143
BUC,DIP_2017_0144
TRI,DIP_2017_0149
MOE,DIP_2017_0150
MAV,DIP_2017_0151
MAV,DIP_2017_0152
MOE,DIP_2017_0153
TRI,DIP_2017_0153
MAA,DIP_2017_0153
SHR,DIP_2017_0159
LEM,DIP_2017_0161
KAH,DIP_2017_0162
KAH,DIP_2017_0163
LIE,DIP_2017_0164
IVA,DIP_2017_0165
SCT,DIP_2017_0166
MAV,DIP_2017_0168
GIN,DIP_2017_0169
RAD,DIP_2017_0170
TIM,DIP_2017_0170
SAS,DIP_2017_0170
DEV,DIP_2017_0171
KAN,DIP_2017_0171
BRA,DIP_2017_0173
ANJ,DIP_2017_0174
DEV,DIP_2017_0175
POO,DIP_2017_0175
PAT,DIP_2017_0175
GIN,DIP_2017_0176
LIM,DIP_2017_0177
LEM,DIP_2017_0177
BEC,DIP_2017_0178
BRA,DIP_2017_0178
POO,DIP_2017_0178
WIN,DIP_2017_0178
EST,DIP_2017_0179
CAO,DIP_2017_0180
KAN,DIP_2017_0180
WAL,DIP_2017_0180
BRA,DIP_2017_0180
SHR,DIP_2017_0183
PTA,DIP_2017_0183
TIM,DIP_2017_0183
SAS,DIP_2017_0183
DOO,DIP_2017_0185
MIT,DIP_2017_0185
RAD,DIP_2017_0185
EST,DIP_2017_0185
TIM,DIP_2017_0186
CAO,DIP_2017_0187
MIT,DIP_2017_0189
RAD,DIP_2017_0189
EST,DIP_2017_0189
DOO,DIP_2017_0189
PAT,DIP_2017_0190
PAN,DIP_2017_0200
BUC,DIP_2017_0203
DAI,DIP_2017_0204
SAL,DIP_2017_0206
SAL,DIP_2017_0207
MAV,DIP_2017_0208
IVA,DIP_2017_0209
MAL,DIP_2017_0210
MAV,DIP_2017_0211
KAH,DIP_2017_0212
TAP,DIP_2017_0213
SUN,DIP_2017_0214
WIN,DIP_2017_0216
TIM,DIP_2017_0216
POO,DIP_2017_0216
SAS,DIP_2017_0217
DET,DIP_2017_0217
ESK,DIP_2017_0219
DET,DIP_2017_0219
DET,DIP_2017_0220
SAS,DIP_2017_0221
DUN,DIP_2017_0224
JUL,DIP_2017_0225
BCD,DIP_2017_0230
HEA,DIP_2017_0231
PAN,DIP_2017_0236
DAI,DIP_2017_0239
SCT,DIP_2017_0240
SAL,DIP_2017_0244
WAL,DIP_2017_0245
KAN,DIP_2017_0245
POO,DIP_2017_0245
BEC,DIP_2017_0245
BRA,DIP_2017_0246
POO,DIP_2017_0246
KAN,DIP_2017_0246
WIN,DIP_2017_0246
MIT,DIP_2017_0247
RAD,DIP_2017_0247
EST,DIP_2017_0247
DAB,DIP_2017_0247
DOO,DIP_2017_0247
SHR,DIP_2017_0248
BAQ,DIP_2017_0248
ESK,DIP_2017_0249
PTA,DIP_2017_0251
DUN,DIP_2017_0252
DAM,DIP_2017_0253
MSH,DIP_2017_0253
BRA,DIP_2017_0255
KAN,DIP_2017_0255
WAL,DIP_2017_0255
BRA,DIP_2017_0256
BEC,DIP_2017_0257
BRA,DIP_2017_0257
KAN,DIP_2017_0257
WAL,DIP_2017_0257
COC,DIP_2017_0258
PAN,DIP_2017_0261
ATI,DIP_2017_0263
TAP,DIP_2017_0264
SCT,DIP_2017_0265
LIM,DIP_2017_0266
LEM,DIP_2017_0266
TEQ,DIP_2017_0268
PAN,DIP_2017_0269
HEA,DIP_2017_0269
PAN,DIP_2017_0270
WHI,DIP_2017_0271
PAT,DIP_2017_0271
MAV,DIP_2017_0271
DAB,DIP_2017_0272
BEC,DIP_2017_0273
TRI,DIP_2017_0277
MAV,DIP_2017_0277
COC,DIP_2017_0277
MAA,DIP_2017_0277
MOE,DIP_2017_0277
ARN,DIP_2017_0278
BRA,DIP_2017_0278
KAN,DIP_2017_0278
POO,DIP_2017_0278
CAO,DIP_2017_0278
WAL,DIP_2017_0278
EST,DIP_2017_0278
DUN,DIP_2017_0279
ABS,DIP_2017_0281
JON,DIP_2017_0282
BRA,DIP_2017_0283
SLM,DIP_2017_0283
MIT,DIP_2017_0284
RAD,DIP_2017_0284
DOO,DIP_2017_0284
BRA,DIP_2017_0285
POO,DIP_2017_0285
WAL,DIP_2017_0285
DAB,DIP_2017_0286
BEC,DIP_2017_0286
KAN,DIP_2017_0286
WAL,DIP_2017_0286
WIN,DIP_2017_0286
BRA,DIP_2017_0287
POO,DIP_2017_0287
ARN,DIP_2017_0287
IVA,DIP_2017_0288
RDA,DIP_2017_0290
BIL,DIP_2017_0290
SAM,DIP_2017_0294
PAT,DIP_2017_0295
HEA,DIP_2017_0297
KAN,DIP_2017_0298
POO,DIP_2017_0298
WAL,DIP_2017_0299
CAO,DIP_2017_0299
BRA,DIP_2017_0299
MAA,DIP_2017_0300
MAL,DIP_2017_0301
HEA,DIP_2017_0301
MOE,DIP_2017_0302
MAA,DIP_2017_0302
MAL,DIP_2017_0302
IVA,DIP_2017_0305
IVA,DIP_2017_0307
TAP,DIP_2017_0308
SAL,DIP_2017_0310
DOO,DIP_2017_0311
MIT,DIP_2017_0312
RAD,DIP_2017_0312
DOO,DIP_2017_0312
WIN,DIP_2017_0312
WAL,DIP_2017_0317
CAO,DIP_2017_0317
ARN,DIP_2017_0317
KAN,DIP_2017_0317
BRA,DIP_2017_0317
WIN,DIP_2017_0317
BEN,DIP_2017_0319
JUF,DIP_2017_0320
HMT,DIP_2017_0323
DAM,DIP_2017_0324
SAL,DIP_2017_0327
PTA,DIP_2017_0328
DOO,DIP_2017_0328
SHR,DIP_2017_0328
MIT,DIP_2017_0328
RAD,DIP_2017_0328
OPH,DIP_2017_0329
BEN,DIP_2017_0330
SLM,DIP_2017_0332
GUI,DIP_2017_0333
SIL,DIP_2017_0334
GUI,DIP_2017_0334
BEC,DIP_2017_0335
KAN,DIP_2017_0337
KAN,DIP_2017_0338
WAL,DIP_2017_0338
POO,DIP_2017_0338
MAV,DIP_2017_0342
FAJ,DIP_2017_0343
KAH,DIP_2017_0345
IVA,DIP_2017_0346
LIM,DIP_2017_0355
LEM,DIP_2017_0355
EMU,DIP_2017_0356
EMU,DIP_2017_0357
LIZ,DIP_2017_0358
TAP,DIP_2017_0360
TAP,DIP_2017_0361
LIM,DIP_2017_0370
CRT,DIP_2017_0371
DOO,DIP_2017_0373
DAB,DIP_2017_0373
MIT,DIP_2017_0373
RAD,DIP_2017_0373
EST,DIP_2017_0373
BEN,DIP_2017_0373
EMU,DIP_2017_0374
GUI,DIP_2017_0375
SCT,DIP_2017_0376
CAO,DIP_2017_0377
ESK,DIP_2017_0379
PIN,DIP_2017_0384
TAP,DIP_2017_0387
BCD,DIP_2017_0388
MAL,DIP_2017_0390
LEM,DIP_2017_0391
LIM,DIP_2017_0391
TRI,DIP_2017_0392
SHR,DIP_2017_0395
DOO,DIP_2017_0395
SHR,DIP_2017_0397
DET,DIP_2017_0399
SAS,DIP_2017_0400
JUL,DIP_2017_0401
COC,DIP_2017_0402
CRT,DIP_2017_0402
LEM,DIP_2017_0403
LIM,DIP_2017_0403
KAH,DIP_2017_0403
TRI,DIP_2017_0404
ANN,DIP_2017_0405
WIN,DIP_2017_0406
BEC,DIP_2017_0406
SAL,DIP_2017_0410
SUN,DIP_2017_0411
FAJ,DIP_2017_0412
TEQ,DIP_2017_0414
SIL,DIP_2017_0415
BUC,DIP_2017_0416
EMU,DIP_2017_0417
LIM,DIP_2017_0418
IVA,DIP_2017_0419
BRA,DIP_2017_0420
CAO,DIP_2017_0421
WAL,DIP_2017_0421
ARN,DIP_2017_0421
KAN,DIP_2017_0421
BEC,DIP_2017_0421
DUN,DIP_2017_0423
WAL,DIP_2017_0426
ARN,DIP_2017_0426
KAN,DIP_2017_0426
BRA,DIP_2017_0426
POO,DIP_2017_0426
BEC,DIP_2017_0426
DEV,DIP_2017_0427
PAN,DIP_2017_0430
GIN,DIP_2017_0431
MAL,DIP_2017_0432
MAL,DIP_2017_0434
LEM,DIP_2017_0435
LIM,DIP_2017_0435
PTA,DIP_2017_0440
JUL,DIP_2017_0440
MSH,DIP_2017_0442
DAM,DIP_2017_0442
BEC,DIP_2017_0444
BRA,DIP_2017_0444
DEV,DIP_2017_0445
LIZ,DIP_2017_0446
SLM,DIP_2017_0447
LGT,DIP_2017_0447
DAB,DIP_2017_0449
BIL,DIP_2017_0449
DET,DIP_2017_0452
SHR,DIP_2017_0453
JUL,DIP_2017_0455
PTA,DIP_2017_0455
MSH,DIP_2017_0458
DUN,DIP_2017_0463